AREA,PERIMETER,PR_,PR_ID,RINGS_OK,RINGS_NOK,WRSPR,PR,PATH,ROW,MODE,DAYCLASS,SEQUENCE
2.6322,6.50375,2532,2532,1,0,159052,159052,159,52,D,16,55108
2.61978,6.48745,2533,2533,1,0,159053,159053,159,53,D,16,55109
2.60932,6.47369,2534,2534,1,0,159054,159054,159,54,D,16,55110
2.63205,6.50355,2532,2532,1,0,160052,160052,160,52,D,7,22620
2.61985,6.48753,2533,2533,1,0,160053,160053,160,53,D,7,22621
2.60932,6.47369,2534,2534,1,0,160054,160054,160,54,D,7,22622
2.60054,6.46216,2535,2535,1,0,160055,160055,160,55,D,7,22623
2.59336,6.45274,2536,2536,1,0,160056,160056,160,56,D,7,22624
2.58777,6.4454,2537,2537,1,0,160057,160057,160,57,D,7,22625
2.58388,6.44029,2538,2538,1,0,160058,160058,160,58,D,7,22626
2.64601,6.52191,2531,2531,1,0,161051,161051,161,51,D,14,47915
2.63214,6.50367,2532,2532,1,0,161052,161052,161,52,D,14,47916
2.61978,6.48745,2533,2533,1,0,161053,161053,161,53,D,14,47917
2.60941,6.47381,2534,2534,1,0,161054,161054,161,54,D,14,47918
2.60054,6.46216,2535,2535,1,0,161055,161055,161,55,D,14,47919
2.59336,6.45274,2536,2536,1,0,161056,161056,161,56,D,14,47920
2.58786,6.44552,2537,2537,1,0,161057,161057,161,57,D,14,47921
2.58388,6.44029,2538,2538,1,0,161058,161058,161,58,D,14,47922
2.58146,6.43712,2539,2539,1,0,161059,161059,161,59,D,14,47923
2.6461,6.52203,2531,2531,1,0,162051,162051,162,51,D,5,15427
2.6322,6.50375,2532,2532,1,0,162052,162052,162,52,D,5,15428
2.61985,6.48753,2533,2533,1,0,162053,162053,162,53,D,5,15429
2.60932,6.47369,2534,2534,1,0,162054,162054,162,54,D,5,15430
2.60054,6.46216,2535,2535,1,0,162055,162055,162,55,D,5,15431
2.59333,6.4527,2536,2536,1,0,162056,162056,162,56,D,5,15432
2.58783,6.44548,2537,2537,1,0,162057,162057,162,57,D,5,15433
2.58388,6.44029,2538,2538,1,0,162058,162058,162,58,D,5,15434
2.58143,6.43708,2539,2539,1,0,162059,162059,162,59,D,5,15435
2.58068,6.43609,2540,2540,1,0,162060,162060,162,60,D,5,15436
2.6461,6.52203,2283,2283,1,0,163051,163051,163,51,D,12,40723
2.63205,6.50355,2284,2284,1,0,163052,163052,163,52,D,12,40724
2.61985,6.48753,2285,2285,1,0,163053,163053,163,53,D,12,40725
2.60932,6.47369,2286,2286,1,0,163054,163054,163,54,D,12,40726
2.60047,6.46208,2287,2287,1,0,163055,163055,163,55,D,12,40727
2.59336,6.45274,2288,2288,1,0,163056,163056,163,56,D,12,40728
2.58786,6.44552,2289,2289,1,0,163057,163057,163,57,D,12,40729
2.58388,6.44029,2290,2290,1,0,163058,163058,163,58,D,12,40730
2.58152,6.4372,2291,2291,1,0,163059,163059,163,59,D,12,40731
2.58068,6.43609,2292,2292,1,0,163060,163060,163,60,D,12,40732
2.58137,6.437,2293,2293,1,0,163061,163061,163,61,D,12,40733
2.58388,6.44029,2294,2294,1,0,163062,163062,163,62,D,12,40734
2.63204,6.50356,2300,2300,1,0,163068,163068,163,68,D,12,40740
2.64601,6.52191,2301,2301,1,0,163069,163069,163,69,D,12,40741
2.66169,6.54257,2302,2302,1,0,163070,163070,163,70,D,12,40742
2.67929,6.56573,2303,2303,1,0,163071,163071,163,71,D,12,40743
2.69875,6.59136,2304,2304,1,0,163072,163072,163,72,D,12,40744
2.64601,6.52191,2283,2283,1,0,164051,164051,164,51,D,3,8235
2.6322,6.50375,2284,2284,1,0,164052,164052,164,52,D,3,8236
2.61978,6.48745,2285,2285,1,0,164053,164053,164,53,D,3,8237
2.60932,6.47369,2286,2286,1,0,164054,164054,164,54,D,3,8238
2.60054,6.46216,2287,2287,1,0,164055,164055,164,55,D,3,8239
2.59336,6.45274,2288,2288,1,0,164056,164056,164,56,D,3,8240
2.58777,6.4454,2289,2289,1,0,164057,164057,164,57,D,3,8241
2.58388,6.44029,2290,2290,1,0,164058,164058,164,58,D,3,8242
2.58137,6.437,2291,2291,1,0,164059,164059,164,59,D,3,8243
2.58068,6.43609,2292,2292,1,0,164060,164060,164,60,D,3,8244
2.58152,6.4372,2293,2293,1,0,164061,164061,164,61,D,3,8245
2.58388,6.44029,2294,2294,1,0,164062,164062,164,62,D,3,8246
2.58775,6.44537,2295,2295,1,0,164063,164063,164,63,D,3,8247
2.60934,6.47372,2298,2298,1,0,164066,164066,164,66,D,3,8250
2.61986,6.48755,2299,2299,1,0,164067,164067,164,67,D,3,8251
2.63195,6.50344,2300,2300,1,0,164068,164068,164,68,D,3,8252
2.6461,6.52203,2301,2301,1,0,164069,164069,164,69,D,3,8253
2.66154,6.54237,2302,2302,1,0,164070,164070,164,70,D,3,8254
2.67936,6.56581,2303,2303,1,0,164071,164071,164,71,D,3,8255
2.69869,6.59128,2304,2304,1,0,164072,164072,164,72,D,3,8256
2.72008,6.61951,2305,2305,1,0,164073,164073,164,73,D,3,8257
2.6461,6.52203,2283,2283,1,0,165051,165051,165,51,D,10,33531
2.6322,6.50375,2284,2284,1,0,165052,165052,165,52,D,10,33532
2.61985,6.48753,2285,2285,1,0,165053,165053,165,53,D,10,33533
2.60932,6.47369,2286,2286,1,0,165054,165054,165,54,D,10,33534
2.60062,6.46228,2287,2287,1,0,165055,165055,165,55,D,10,33535
2.59333,6.4527,2288,2288,1,0,165056,165056,165,56,D,10,33536
2.58783,6.44548,2289,2289,1,0,165057,165057,165,57,D,10,33537
2.58388,6.44029,2290,2290,1,0,165058,165058,165,58,D,10,33538
2.58143,6.43708,2291,2291,1,0,165059,165059,165,59,D,10,33539
2.58068,6.43609,2292,2292,1,0,165060,165060,165,60,D,10,33540
2.58152,6.4372,2293,2293,1,0,165061,165061,165,61,D,10,33541
2.58379,6.44017,2294,2294,1,0,165062,165062,165,62,D,10,33542
2.58781,6.44545,2295,2295,1,0,165063,165063,165,63,D,10,33543
2.59336,6.45273,2296,2296,1,0,165064,165064,165,64,D,10,33544
2.60054,6.46216,2297,2297,1,0,165065,165065,165,65,D,10,33545
2.60934,6.47372,2298,2298,1,0,165066,165066,165,66,D,10,33546
2.61986,6.48755,2299,2299,1,0,165067,165067,165,67,D,10,33547
2.6321,6.50363,2300,2300,1,0,165068,165068,165,68,D,10,33548
2.6461,6.52203,2301,2301,1,0,165069,165069,165,69,D,10,33549
2.66154,6.54237,2302,2302,1,0,165070,165070,165,70,D,10,33550
2.67927,6.56569,2303,2303,1,0,165071,165071,165,71,D,10,33551
2.69884,6.59148,2304,2304,1,0,165072,165072,165,72,D,10,33552
2.72015,6.61959,2305,2305,1,0,165073,165073,165,73,D,10,33553
2.74364,6.65061,2306,2306,1,0,165074,165074,165,74,D,10,33554
2.66161,6.54245,2282,2282,1,0,166050,166050,166,50,D,1,1042
2.64601,6.52191,2283,2283,1,0,166051,166051,166,51,D,1,1043
2.63205,6.50355,2284,2284,1,0,166052,166052,166,52,D,1,1044
2.61985,6.48753,2285,2285,1,0,166053,166053,166,53,D,1,1045
2.60941,6.47381,2286,2286,1,0,166054,166054,166,54,D,1,1046
2.60047,6.46208,2287,2287,1,0,166055,166055,166,55,D,1,1047
2.59336,6.45274,2288,2288,1,0,166056,166056,166,56,D,1,1048
2.58786,6.44552,2289,2289,1,0,166057,166057,166,57,D,1,1049
2.58388,6.44029,2290,2290,1,0,166058,166058,166,58,D,1,1050
2.58152,6.4372,2291,2291,1,0,166059,166059,166,59,D,1,1051
2.58068,6.43609,2292,2292,1,0,166060,166060,166,60,D,1,1052
2.58152,6.4372,2293,2293,1,0,166061,166061,166,61,D,1,1053
2.58388,6.44029,2294,2294,1,0,166062,166062,166,62,D,1,1054
2.58784,6.44549,2295,2295,1,0,166063,166063,166,63,D,1,1055
2.59338,6.45277,2296,2296,1,0,166064,166064,166,64,D,1,1056
2.60048,6.46208,2297,2297,1,0,166065,166065,166,65,D,1,1057
2.60943,6.47384,2298,2298,1,0,166066,166066,166,66,D,1,1058
2.61986,6.48755,2299,2299,1,0,166067,166067,166,67,D,1,1059
2.63195,6.50344,2300,2300,1,0,166068,166068,166,68,D,1,1060
2.64601,6.52191,2301,2301,1,0,166069,166069,166,69,D,1,1061
2.66169,6.54257,2302,2302,1,0,166070,166070,166,70,D,1,1062
2.67929,6.56573,2303,2303,1,0,166071,166071,166,71,D,1,1063
2.69869,6.59128,2304,2304,1,0,166072,166072,166,72,D,1,1064
2.72017,6.61963,2305,2305,1,0,166073,166073,166,73,D,1,1065
2.74362,6.65057,2306,2306,1,0,166074,166074,166,74,D,1,1066
2.76934,6.68454,2307,2307,1,0,166075,166075,166,75,D,1,1067
2.79714,6.72129,2308,2308,1,0,166076,166076,166,76,D,1,1068
2.82719,6.7611,2309,2309,1,0,166077,166077,166,77,D,1,1069
2.85992,6.80447,2310,2310,1,0,166078,166078,166,78,D,1,1070
2.89506,6.85112,2311,2311,1,0,166079,166079,166,79,D,1,1071
2.93279,6.90128,2312,2312,1,0,166080,166080,166,80,D,1,1072
2.69882,6.59144,2280,2280,1,0,167048,167048,167,48,D,8,26336
2.6792,6.56561,2281,2281,1,0,167049,167049,167,49,D,8,26337
2.66169,6.54257,2282,2282,1,0,167050,167050,167,50,D,8,26338
2.64601,6.52191,2283,2283,1,0,167051,167051,167,51,D,8,26339
2.6322,6.50375,2284,2284,1,0,167052,167052,167,52,D,8,26340
2.61978,6.48745,2285,2285,1,0,167053,167053,167,53,D,8,26341
2.60932,6.47369,2286,2286,1,0,167054,167054,167,54,D,8,26342
2.60054,6.46216,2287,2287,1,0,167055,167055,167,55,D,8,26343
2.59336,6.45274,2288,2288,1,0,167056,167056,167,56,D,8,26344
2.58777,6.4454,2289,2289,1,0,167057,167057,167,57,D,8,26345
2.58388,6.44029,2290,2290,1,0,167058,167058,167,58,D,8,26346
2.58137,6.437,2291,2291,1,0,167059,167059,167,59,D,8,26347
2.58068,6.43609,2292,2292,1,0,167060,167060,167,60,D,8,26348
2.58152,6.4372,2293,2293,1,0,167061,167061,167,61,D,8,26349
2.58381,6.44021,2294,2294,1,0,167062,167062,167,62,D,8,26350
2.58781,6.44545,2295,2295,1,0,167063,167063,167,63,D,8,26351
2.59338,6.45277,2296,2296,1,0,167064,167064,167,64,D,8,26352
2.60054,6.46216,2297,2297,1,0,167065,167065,167,65,D,8,26353
2.60934,6.47372,2298,2298,1,0,167066,167066,167,66,D,8,26354
2.61986,6.48755,2299,2299,1,0,167067,167067,167,67,D,8,26355
2.63195,6.50344,2300,2300,1,0,167068,167068,167,68,D,8,26356
2.6461,6.52203,2301,2301,1,0,167069,167069,167,69,D,8,26357
2.66154,6.54237,2302,2302,1,0,167070,167070,167,70,D,8,26358
2.67936,6.56581,2303,2303,1,0,167071,167071,167,71,D,8,26359
2.69877,6.5914,2304,2304,1,0,167072,167072,167,72,D,8,26360
2.72008,6.61951,2305,2305,1,0,167073,167073,167,73,D,8,26361
2.74364,6.65061,2306,2306,1,0,167074,167074,167,74,D,8,26362
2.76919,6.68435,2307,2307,1,0,167075,167075,167,75,D,8,26363
2.79714,6.72129,2308,2308,1,0,167076,167076,167,76,D,8,26364
2.82713,6.76103,2309,2309,1,0,167077,167077,167,77,D,8,26365
2.85986,6.80439,2310,2310,1,0,167078,167078,167,78,D,8,26366
2.895,6.85105,2311,2311,1,0,167079,167079,167,79,D,8,26367
2.93285,6.90135,2312,2312,1,0,167080,167080,167,80,D,8,26368
2.97367,6.95566,2313,2313,1,0,167081,167081,167,81,D,8,26369
3.0175,7.01407,2314,2314,1,0,167082,167082,167,82,D,8,26370
2.72015,6.61959,2279,2279,1,0,168047,168047,168,47,D,15,51631
2.69882,6.59144,2280,2280,1,0,168048,168048,168,48,D,15,51632
2.67927,6.56569,2281,2281,1,0,168049,168049,168,49,D,15,51633
2.66161,6.54245,2282,2282,1,0,168050,168050,168,50,D,15,51634
2.6461,6.52203,2283,2283,1,0,168051,168051,168,51,D,15,51635
2.6322,6.50375,2284,2284,1,0,168052,168052,168,52,D,15,51636
2.61976,6.48741,2285,2285,1,0,168053,168053,168,53,D,15,51637
2.60932,6.47369,2286,2286,1,0,168054,168054,168,54,D,15,51638
2.60062,6.46228,2287,2287,1,0,168055,168055,168,55,D,15,51639
2.59333,6.4527,2288,2288,1,0,168056,168056,168,56,D,15,51640
2.58783,6.44548,2289,2289,1,0,168057,168057,168,57,D,15,51641
2.58388,6.44029,2290,2290,1,0,168058,168058,168,58,D,15,51642
2.58143,6.43708,2291,2291,1,0,168059,168059,168,59,D,15,51643
2.58083,6.43629,2292,2292,1,0,168060,168060,168,60,D,15,51644
2.58143,6.43708,2293,2293,1,0,168061,168061,168,61,D,15,51645
2.58388,6.44029,2294,2294,1,0,168062,168062,168,62,D,15,51646
2.58781,6.44545,2295,2295,1,0,168063,168063,168,63,D,15,51647
2.59336,6.45273,2296,2296,1,0,168064,168064,168,64,D,15,51648
2.60063,6.46228,2297,2297,1,0,168065,168065,168,65,D,15,51649
2.60934,6.47372,2298,2298,1,0,168066,168066,168,66,D,15,51650
2.61977,6.48743,2299,2299,1,0,168067,168067,168,67,D,15,51651
2.6321,6.50363,2300,2300,1,0,168068,168068,168,68,D,15,51652
2.6461,6.52203,2301,2301,1,0,168069,168069,168,69,D,15,51653
2.66154,6.54237,2302,2302,1,0,168070,168070,168,70,D,15,51654
2.67927,6.56569,2303,2303,1,0,168071,168071,168,71,D,15,51655
2.69875,6.59136,2304,2304,1,0,168072,168072,168,72,D,15,51656
2.72015,6.61959,2305,2305,1,0,168073,168073,168,73,D,15,51657
2.74364,6.65061,2306,2306,1,0,168074,168074,168,74,D,15,51658
2.76919,6.68435,2307,2307,1,0,168075,168075,168,75,D,15,51659
2.7972,6.72137,2308,2308,1,0,168076,168076,168,76,D,15,51660
2.82713,6.76103,2309,2309,1,0,168077,168077,168,77,D,15,51661
2.85986,6.80439,2310,2310,1,0,168078,168078,168,78,D,15,51662
2.89497,6.851,2311,2311,1,0,168079,168079,168,79,D,15,51663
2.93276,6.90123,2312,2312,1,0,168080,168080,168,80,D,15,51664
2.97367,6.95566,2313,2313,1,0,168081,168081,168,81,D,15,51665
3.0175,7.01407,2314,2314,1,0,168082,168082,168,82,D,15,51666
3.06447,7.07683,2315,2315,1,0,168083,168083,168,83,D,15,51667
3.11486,7.14428,2316,2316,1,0,168084,168084,168,84,D,15,51668
2.74362,6.65057,2278,2278,1,0,169046,169046,169,46,D,6,19142
2.72017,6.61963,2279,2279,1,0,169047,169047,169,47,D,6,19143
2.69882,6.59144,2280,2280,1,0,169048,169048,169,48,D,6,19144
2.67929,6.56573,2281,2281,1,0,169049,169049,169,49,D,6,19145
2.66169,6.54257,2282,2282,1,0,169050,169050,169,50,D,6,19146
2.64595,6.52183,2283,2283,1,0,169051,169051,169,51,D,6,19147
2.63214,6.50367,2284,2284,1,0,169052,169052,169,52,D,6,19148
2.61985,6.48753,2285,2285,1,0,169053,169053,169,53,D,6,19149
2.60941,6.47381,2286,2286,1,0,169054,169054,169,54,D,6,19150
2.60054,6.46216,2287,2287,1,0,169055,169055,169,55,D,6,19151
2.59336,6.45274,2288,2288,1,0,169056,169056,169,56,D,6,19152
2.58786,6.44552,2289,2289,1,0,169057,169057,169,57,D,6,19153
2.58388,6.44029,2290,2290,1,0,169058,169058,169,58,D,6,19154
2.58152,6.4372,2291,2291,1,0,169059,169059,169,59,D,6,19155
2.58068,6.43609,2292,2292,1,0,169060,169060,169,60,D,6,19156
2.58152,6.4372,2293,2293,1,0,169061,169061,169,61,D,6,19157
2.58388,6.44029,2294,2294,1,0,169062,169062,169,62,D,6,19158
2.58784,6.44549,2295,2295,1,0,169063,169063,169,63,D,6,19159
2.59338,6.45277,2296,2296,1,0,169064,169064,169,64,D,6,19160
2.60048,6.46208,2297,2297,1,0,169065,169065,169,65,D,6,19161
2.60934,6.47372,2298,2298,1,0,169066,169066,169,66,D,6,19162
2.61986,6.48755,2299,2299,1,0,169067,169067,169,67,D,6,19163
2.63195,6.50344,2300,2300,1,0,169068,169068,169,68,D,6,19164
2.64601,6.52191,2301,2301,1,0,169069,169069,169,69,D,6,19165
2.66161,6.54245,2302,2302,1,0,169070,169070,169,70,D,6,19166
2.67929,6.56573,2303,2303,1,0,169071,169071,169,71,D,6,19167
2.69869,6.59128,2304,2304,1,0,169072,169072,169,72,D,6,19168
2.72017,6.61963,2305,2305,1,0,169073,169073,169,73,D,6,19169
2.74362,6.65057,2306,2306,1,0,169074,169074,169,74,D,6,19170
2.76934,6.68454,2307,2307,1,0,169075,169075,169,75,D,6,19171
2.79714,6.72129,2308,2308,1,0,169076,169076,169,76,D,6,19172
2.82719,6.7611,2309,2309,1,0,169077,169077,169,77,D,6,19173
2.85992,6.80447,2310,2310,1,0,169078,169078,169,78,D,6,19174
2.89506,6.85112,2311,2311,1,0,169079,169079,169,79,D,6,19175
2.93279,6.90128,2312,2312,1,0,169080,169080,169,80,D,6,19176
2.97367,6.95566,2313,2313,1,0,169081,169081,169,81,D,6,19177
3.01759,7.01419,2314,2314,1,0,169082,169082,169,82,D,6,19178
3.0645,7.07688,2315,2315,1,0,169083,169083,169,83,D,6,19179
3.11501,7.14448,2316,2316,1,0,169084,169084,169,84,D,6,19180
2.79705,6.72116,2772,2772,1,0,170044,170044,170,44,D,13,44436
2.76919,6.68435,2773,2773,1,0,170045,170045,170,45,D,13,44437
2.74355,6.65049,2774,2774,1,0,170046,170046,170,46,D,13,44438
2.72015,6.61959,2775,2775,1,0,170047,170047,170,47,D,13,44439
2.69882,6.59144,2776,2776,1,0,170048,170048,170,48,D,13,44440
2.6792,6.56561,2777,2777,1,0,170049,170049,170,49,D,13,44441
2.66169,6.54257,2778,2778,1,0,170050,170050,170,50,D,13,44442
2.64601,6.52191,2779,2779,1,0,170051,170051,170,51,D,13,44443
2.6322,6.50375,2780,2780,1,0,170052,170052,170,52,D,13,44444
2.61978,6.48745,2781,2781,1,0,170053,170053,170,53,D,13,44445
2.60932,6.47369,2782,2782,1,0,170054,170054,170,54,D,13,44446
2.60054,6.46216,2783,2783,1,0,170055,170055,170,55,D,13,44447
2.59336,6.45274,2784,2784,1,0,170056,170056,170,56,D,13,44448
2.58777,6.4454,2785,2785,1,0,170057,170057,170,57,D,13,44449
2.58388,6.44029,2786,2786,1,0,170058,170058,170,58,D,13,44450
2.58143,6.43708,2787,2787,1,0,170059,170059,170,59,D,13,44451
2.58068,6.43609,2788,2788,1,0,170060,170060,170,60,D,13,44452
2.58152,6.4372,2789,2789,1,0,170061,170061,170,61,D,13,44453
2.58381,6.44021,2790,2790,1,0,170062,170062,170,62,D,13,44454
2.58781,6.44545,2791,2791,1,0,170063,170063,170,63,D,13,44455
2.59336,6.45273,2792,2792,1,0,170064,170064,170,64,D,13,44456
2.60054,6.46216,2793,2793,1,0,170065,170065,170,65,D,13,44457
2.60934,6.47372,2794,2794,1,0,170066,170066,170,66,D,13,44458
2.61986,6.48755,2795,2795,1,0,170067,170067,170,67,D,13,44459
2.63195,6.50344,2796,2796,1,0,170068,170068,170,68,D,13,44460
2.6461,6.52203,2797,2797,1,0,170069,170069,170,69,D,13,44461
2.66154,6.54237,2798,2798,1,0,170070,170070,170,70,D,13,44462
2.67936,6.56581,2799,2799,1,0,170071,170071,170,71,D,13,44463
2.69884,6.59148,2800,2800,1,0,170072,170072,170,72,D,13,44464
2.72015,6.61959,2801,2801,1,0,170073,170073,170,73,D,13,44465
2.74364,6.65061,2802,2802,1,0,170074,170074,170,74,D,13,44466
2.76919,6.68435,2803,2803,1,0,170075,170075,170,75,D,13,44467
2.79714,6.72129,2804,2804,1,0,170076,170076,170,76,D,13,44468
2.82713,6.76103,2805,2805,1,0,170077,170077,170,77,D,13,44469
2.85986,6.80439,2806,2806,1,0,170078,170078,170,78,D,13,44470
2.89491,6.85092,2807,2807,1,0,170079,170079,170,79,D,13,44471
2.93285,6.90135,2808,2808,1,0,170080,170080,170,80,D,13,44472
2.97367,6.95566,2809,2809,1,0,170081,170081,170,81,D,13,44473
3.0175,7.01407,2810,2810,1,0,170082,170082,170,82,D,13,44474
3.0645,7.07688,2811,2811,1,0,170083,170083,170,83,D,13,44475
3.11501,7.14448,2812,2812,1,0,170084,170084,170,84,D,13,44476
3.16912,7.21701,2813,2813,1,0,170085,170085,170,85,D,13,44477
2.8272,6.76111,2771,2771,1,0,171043,171043,171,43,D,4,11947
2.79713,6.72129,2772,2772,1,0,171044,171044,171,44,D,4,11948
2.76919,6.68435,2773,2773,1,0,171045,171045,171,45,D,4,11949
2.74364,6.65061,2774,2774,1,0,171046,171046,171,46,D,4,11950
2.72015,6.61959,2775,2775,1,0,171047,171047,171,47,D,4,11951
2.69891,6.59156,2776,2776,1,0,171048,171048,171,48,D,4,11952
2.67927,6.56569,2777,2777,1,0,171049,171049,171,49,D,4,11953
2.66154,6.54237,2778,2778,1,0,171050,171050,171,50,D,4,11954
2.6461,6.52203,2779,2779,1,0,171051,171051,171,51,D,4,11955
2.6322,6.50375,2780,2780,1,0,171052,171052,171,52,D,4,11956
2.61985,6.48753,2781,2781,1,0,171053,171053,171,53,D,4,11957
2.60932,6.47369,2782,2782,1,0,171054,171054,171,54,D,4,11958
2.60054,6.46216,2783,2783,1,0,171055,171055,171,55,D,4,11959
2.59333,6.4527,2784,2784,1,0,171056,171056,171,56,D,4,11960
2.58783,6.44548,2785,2785,1,0,171057,171057,171,57,D,4,11961
2.58379,6.44017,2786,2786,1,0,171058,171058,171,58,D,4,11962
2.58152,6.4372,2787,2787,1,0,171059,171059,171,59,D,4,11963
2.58083,6.43629,2788,2788,1,0,171060,171060,171,60,D,4,11964
2.58143,6.43708,2789,2789,1,0,171061,171061,171,61,D,4,11965
2.58388,6.44029,2790,2790,1,0,171062,171062,171,62,D,4,11966
2.58781,6.44545,2791,2791,1,0,171063,171063,171,63,D,4,11967
2.59336,6.45273,2792,2792,1,0,171064,171064,171,64,D,4,11968
2.60063,6.46228,2793,2793,1,0,171065,171065,171,65,D,4,11969
2.60934,6.47372,2794,2794,1,0,171066,171066,171,66,D,4,11970
2.61986,6.48755,2795,2795,1,0,171067,171067,171,67,D,4,11971
2.6321,6.50363,2796,2796,1,0,171068,171068,171,68,D,4,11972
2.6461,6.52203,2797,2797,1,0,171069,171069,171,69,D,4,11973
2.66169,6.54257,2798,2798,1,0,171070,171070,171,70,D,4,11974
2.67927,6.56569,2799,2799,1,0,171071,171071,171,71,D,4,11975
2.69875,6.59136,2800,2800,1,0,171072,171072,171,72,D,4,11976
2.72015,6.61959,2801,2801,1,0,171073,171073,171,73,D,4,11977
2.74364,6.65061,2802,2802,1,0,171074,171074,171,74,D,4,11978
2.76919,6.68435,2803,2803,1,0,171075,171075,171,75,D,4,11979
2.7972,6.72137,2804,2804,1,0,171076,171076,171,76,D,4,11980
2.82713,6.76103,2805,2805,1,0,171077,171077,171,77,D,4,11981
2.85977,6.80427,2806,2806,1,0,171078,171078,171,78,D,4,11982
2.89497,6.851,2807,2807,1,0,171079,171079,171,79,D,4,11983
2.93285,6.90135,2808,2808,1,0,171080,171080,171,80,D,4,11984
2.97367,6.95566,2809,2809,1,0,171081,171081,171,81,D,4,11985
3.0175,7.01407,2810,2810,1,0,171082,171082,171,82,D,4,11986
3.06447,7.07683,2811,2811,1,0,171083,171083,171,83,D,4,11987
3.11486,7.14428,2812,2812,1,0,171084,171084,171,84,D,4,11988
3.16906,7.21694,2813,2813,1,0,171085,171085,171,85,D,4,11989
3.01753,7.01412,2766,2766,1,0,172038,172038,172,38,D,11,37238
2.97367,6.95566,2767,2767,1,0,172039,172039,172,39,D,11,37239
2.93285,6.90135,2768,2768,1,0,172040,172040,172,40,D,11,37240
2.89497,6.851,2769,2769,1,0,172041,172041,172,41,D,11,37241
2.85981,6.80436,2770,2770,1,0,172042,172042,172,42,D,11,37242
2.82726,6.76119,2771,2771,1,0,172043,172043,172,43,D,11,37243
2.79713,6.72129,2772,2772,1,0,172044,172044,172,44,D,11,37244
2.76934,6.68454,2773,2773,1,0,172045,172045,172,45,D,11,37245
2.74362,6.65057,2774,2774,1,0,172046,172046,172,46,D,11,37246
2.72023,6.61971,2775,2775,1,0,172047,172047,172,47,D,11,37247
2.69882,6.59144,2776,2776,1,0,172048,172048,172,48,D,11,37248
2.6792,6.56561,2777,2777,1,0,172049,172049,172,49,D,11,37249
2.66169,6.54257,2778,2778,1,0,172050,172050,172,50,D,11,37250
2.64601,6.52191,2779,2779,1,0,172051,172051,172,51,D,11,37251
2.63214,6.50367,2780,2780,1,0,172052,172052,172,52,D,11,37252
2.61985,6.48753,2781,2781,1,0,172053,172053,172,53,D,11,37253
2.60941,6.47381,2782,2782,1,0,172054,172054,172,54,D,11,37254
2.60054,6.46216,2783,2783,1,0,172055,172055,172,55,D,11,37255
2.59336,6.45274,2784,2784,1,0,172056,172056,172,56,D,11,37256
2.58777,6.4454,2785,2785,1,0,172057,172057,172,57,D,11,37257
2.58388,6.44029,2786,2786,1,0,172058,172058,172,58,D,11,37258
2.58137,6.437,2787,2787,1,0,172059,172059,172,59,D,11,37259
2.58068,6.43609,2788,2788,1,0,172060,172060,172,60,D,11,37260
2.58152,6.4372,2789,2789,1,0,172061,172061,172,61,D,11,37261
2.58388,6.44029,2790,2790,1,0,172062,172062,172,62,D,11,37262
2.58775,6.44537,2791,2791,1,0,172063,172063,172,63,D,11,37263
2.59338,6.45277,2792,2792,1,0,172064,172064,172,64,D,11,37264
2.60054,6.46216,2793,2793,1,0,172065,172065,172,65,D,11,37265
2.60934,6.47372,2794,2794,1,0,172066,172066,172,66,D,11,37266
2.61986,6.48755,2795,2795,1,0,172067,172067,172,67,D,11,37267
2.63195,6.50344,2796,2796,1,0,172068,172068,172,68,D,11,37268
2.6461,6.52203,2797,2797,1,0,172069,172069,172,69,D,11,37269
2.66154,6.54237,2798,2798,1,0,172070,172070,172,70,D,11,37270
2.67929,6.56573,2799,2799,1,0,172071,172071,172,71,D,11,37271
2.69869,6.59128,2800,2800,1,0,172072,172072,172,72,D,11,37272
2.72017,6.61963,2801,2801,1,0,172073,172073,172,73,D,11,37273
2.74362,6.65057,2802,2802,1,0,172074,172074,172,74,D,11,37274
2.76927,6.68447,2803,2803,1,0,172075,172075,172,75,D,11,37275
2.79714,6.72129,2804,2804,1,0,172076,172076,172,76,D,11,37276
2.82719,6.7611,2805,2805,1,0,172077,172077,172,77,D,11,37277
2.85992,6.80447,2806,2806,1,0,172078,172078,172,78,D,11,37278
2.89506,6.85112,2807,2807,1,0,172079,172079,172,79,D,11,37279
2.93285,6.90135,2808,2808,1,0,172080,172080,172,80,D,11,37280
2.97367,6.95566,2809,2809,1,0,172081,172081,172,81,D,11,37281
3.01759,7.01419,2810,2810,1,0,172082,172082,172,82,D,11,37282
3.0645,7.07688,2811,2811,1,0,172083,172083,172,83,D,11,37283
3.11501,7.14448,2812,2812,1,0,172084,172084,172,84,D,11,37284
3.16921,7.21713,2813,2813,1,0,172085,172085,172,85,D,11,37285
3.01744,7.014,2766,2766,1,0,173038,173038,173,38,D,2,4750
2.97367,6.95566,2767,2767,1,0,173039,173039,173,39,D,2,4751
2.93285,6.90135,2768,2768,1,0,173040,173040,173,40,D,2,4752
2.89497,6.851,2769,2769,1,0,173041,173041,173,41,D,2,4753
2.85966,6.80416,2770,2770,1,0,173042,173042,173,42,D,2,4754
2.8272,6.76111,2771,2771,1,0,173043,173043,173,43,D,2,4755
2.79713,6.72129,2772,2772,1,0,173044,173044,173,44,D,2,4756
2.76919,6.68435,2773,2773,1,0,173045,173045,173,45,D,2,4757
2.74355,6.65049,2774,2774,1,0,173046,173046,173,46,D,2,4758
2.72015,6.61959,2775,2775,1,0,173047,173047,173,47,D,2,4759
2.69882,6.59144,2776,2776,1,0,173048,173048,173,48,D,2,4760
2.6792,6.56561,2777,2777,1,0,173049,173049,173,49,D,2,4761
2.66169,6.54257,2778,2778,1,0,173050,173050,173,50,D,2,4762
2.6461,6.52203,2779,2779,1,0,173051,173051,173,51,D,2,4763
2.6322,6.50375,2780,2780,1,0,173052,173052,173,52,D,2,4764
2.61985,6.48753,2781,2781,1,0,173053,173053,173,53,D,2,4765
2.60932,6.47369,2782,2782,1,0,173054,173054,173,54,D,2,4766
2.60054,6.46216,2783,2783,1,0,173055,173055,173,55,D,2,4767
2.59333,6.4527,2784,2784,1,0,173056,173056,173,56,D,2,4768
2.58783,6.44548,2785,2785,1,0,173057,173057,173,57,D,2,4769
2.58388,6.44029,2786,2786,1,0,173058,173058,173,58,D,2,4770
2.58143,6.43708,2787,2787,1,0,173059,173059,173,59,D,2,4771
2.58068,6.43609,2788,2788,1,0,173060,173060,173,60,D,2,4772
2.58152,6.4372,2789,2789,1,0,173061,173061,173,61,D,2,4773
2.58388,6.44029,2790,2790,1,0,173062,173062,173,62,D,2,4774
2.58781,6.44545,2791,2791,1,0,173063,173063,173,63,D,2,4775
2.59336,6.45273,2792,2792,1,0,173064,173064,173,64,D,2,4776
2.60054,6.46216,2793,2793,1,0,173065,173065,173,65,D,2,4777
2.6094,6.4738,2794,2794,1,0,173066,173066,173,66,D,2,4778
2.61986,6.48755,2795,2795,1,0,173067,173067,173,67,D,2,4779
2.63204,6.50356,2796,2796,1,0,173068,173068,173,68,D,2,4780
2.6461,6.52203,2797,2797,1,0,173069,173069,173,69,D,2,4781
2.66154,6.54237,2798,2798,1,0,173070,173070,173,70,D,2,4782
2.67927,6.56569,2799,2799,1,0,173071,173071,173,71,D,2,4783
2.69884,6.59148,2800,2800,1,0,173072,173072,173,72,D,2,4784
2.72015,6.61959,2801,2801,1,0,173073,173073,173,73,D,2,4785
2.74364,6.65061,2802,2802,1,0,173074,173074,173,74,D,2,4786
2.76919,6.68435,2803,2803,1,0,173075,173075,173,75,D,2,4787
2.7972,6.72137,2804,2804,1,0,173076,173076,173,76,D,2,4788
2.82713,6.76103,2805,2805,1,0,173077,173077,173,77,D,2,4789
2.85986,6.80439,2806,2806,1,0,173078,173078,173,78,D,2,4790
2.89497,6.851,2807,2807,1,0,173079,173079,173,79,D,2,4791
2.93285,6.90135,2808,2808,1,0,173080,173080,173,80,D,2,4792
2.97367,6.95566,2809,2809,1,0,173081,173081,173,81,D,2,4793
3.0175,7.01407,2810,2810,1,0,173082,173082,173,82,D,2,4794
3.06456,7.07695,2811,2811,1,0,173083,173083,173,83,D,2,4795
3.11501,7.14448,2812,2812,1,0,173084,173084,173,84,D,2,4796
3.16912,7.21701,2813,2813,1,0,173085,173085,173,85,D,2,4797
3.0175,7.01407,2766,2766,1,0,174038,174038,174,38,D,9,30046
2.97367,6.95566,2767,2767,1,0,174039,174039,174,39,D,9,30047
2.93276,6.90123,2768,2768,1,0,174040,174040,174,40,D,9,30048
2.89497,6.851,2769,2769,1,0,174041,174041,174,41,D,9,30049
2.85975,6.80428,2770,2770,1,0,174042,174042,174,42,D,9,30050
2.8272,6.76111,2771,2771,1,0,174043,174043,174,43,D,9,30051
2.79713,6.72129,2772,2772,1,0,174044,174044,174,44,D,9,30052
2.76919,6.68435,2773,2773,1,0,174045,174045,174,45,D,9,30053
2.74364,6.65061,2774,2774,1,0,174046,174046,174,46,D,9,30054
2.72015,6.61959,2775,2775,1,0,174047,174047,174,47,D,9,30055
2.69891,6.59156,2776,2776,1,0,174048,174048,174,48,D,9,30056
2.67927,6.56569,2777,2777,1,0,174049,174049,174,49,D,9,30057
2.66154,6.54237,2778,2778,1,0,174050,174050,174,50,D,9,30058
2.6461,6.52203,2779,2779,1,0,174051,174051,174,51,D,9,30059
2.63214,6.50367,2780,2780,1,0,174052,174052,174,52,D,9,30060
2.61985,6.48753,2781,2781,1,0,174053,174053,174,53,D,9,30061
2.60938,6.47377,2782,2782,1,0,174054,174054,174,54,D,9,30062
2.60054,6.46216,2783,2783,1,0,174055,174055,174,55,D,9,30063
2.59333,6.4527,2784,2784,1,0,174056,174056,174,56,D,9,30064
2.58783,6.44548,2785,2785,1,0,174057,174057,174,57,D,9,30065
2.58388,6.44029,2786,2786,1,0,174058,174058,174,58,D,9,30066
2.58152,6.4372,2787,2787,1,0,174059,174059,174,59,D,9,30067
2.58068,6.43609,2788,2788,1,0,174060,174060,174,60,D,9,30068
2.58143,6.43708,2789,2789,1,0,174061,174061,174,61,D,9,30069
2.58388,6.44029,2790,2790,1,0,174062,174062,174,62,D,9,30070
2.58781,6.44545,2791,2791,1,0,174063,174063,174,63,D,9,30071
2.59336,6.45273,2792,2792,1,0,174064,174064,174,64,D,9,30072
2.60054,6.46216,2793,2793,1,0,174065,174065,174,65,D,9,30073
2.60934,6.47372,2794,2794,1,0,174066,174066,174,66,D,9,30074
2.61986,6.48755,2795,2795,1,0,174067,174067,174,67,D,9,30075
2.6321,6.50363,2796,2796,1,0,174068,174068,174,68,D,9,30076
2.6461,6.52203,2797,2797,1,0,174069,174069,174,69,D,9,30077
2.66169,6.54257,2798,2798,1,0,174070,174070,174,70,D,9,30078
2.6792,6.56561,2799,2799,1,0,174071,174071,174,71,D,9,30079
2.69875,6.59136,2800,2800,1,0,174072,174072,174,72,D,9,30080
2.72015,6.61959,2801,2801,1,0,174073,174073,174,73,D,9,30081
2.74355,6.65049,2802,2802,1,0,174074,174074,174,74,D,9,30082
2.76919,6.68435,2803,2803,1,0,174075,174075,174,75,D,9,30083
2.79712,6.72125,2804,2804,1,0,174076,174076,174,76,D,9,30084
2.82713,6.76103,2805,2805,1,0,174077,174077,174,77,D,9,30085
2.85977,6.80427,2806,2806,1,0,174078,174078,174,78,D,9,30086
2.89497,6.851,2807,2807,1,0,174079,174079,174,79,D,9,30087
2.93285,6.90135,2808,2808,1,0,174080,174080,174,80,D,9,30088
2.97367,6.95566,2809,2809,1,0,174081,174081,174,81,D,9,30089
3.01744,7.014,2810,2810,1,0,174082,174082,174,82,D,9,30090
3.06447,7.07683,2811,2811,1,0,174083,174083,174,83,D,9,30091
3.11486,7.14428,2812,2812,1,0,174084,174084,174,84,D,9,30092
3.16906,7.21694,2813,2813,1,0,174085,174085,174,85,D,9,30093
3.01744,7.014,2766,2766,1,0,175038,175038,175,38,D,16,55342
2.97376,6.95578,2767,2767,1,0,175039,175039,175,39,D,16,55343
2.93285,6.90135,2768,2768,1,0,175040,175040,175,40,D,16,55344
2.89497,6.851,2769,2769,1,0,175041,175041,175,41,D,16,55345
2.85981,6.80436,2770,2770,1,0,175042,175042,175,42,D,16,55346
2.82726,6.76119,2771,2771,1,0,175043,175043,175,43,D,16,55347
2.79713,6.72129,2772,2772,1,0,175044,175044,175,44,D,16,55348
2.76919,6.68435,2773,2773,1,0,175045,175045,175,45,D,16,55349
2.74355,6.65049,2774,2774,1,0,175046,175046,175,46,D,16,55350
2.72015,6.61959,2775,2775,1,0,175047,175047,175,47,D,16,55351
2.69882,6.59144,2776,2776,1,0,175048,175048,175,48,D,16,55352
2.6792,6.56561,2777,2777,1,0,175049,175049,175,49,D,16,55353
2.66169,6.54257,2778,2778,1,0,175050,175050,175,50,D,16,55354
2.64601,6.52191,2779,2779,1,0,175051,175051,175,51,D,16,55355
2.6322,6.50375,2780,2780,1,0,175052,175052,175,52,D,16,55356
2.61978,6.48745,2781,2781,1,0,175053,175053,175,53,D,16,55357
2.60932,6.47369,2782,2782,1,0,175054,175054,175,54,D,16,55358
2.60054,6.46216,2783,2783,1,0,175055,175055,175,55,D,16,55359
2.59336,6.45274,2784,2784,1,0,175056,175056,175,56,D,16,55360
2.58777,6.4454,2785,2785,1,0,175057,175057,175,57,D,16,55361
2.58388,6.44029,2786,2786,1,0,175058,175058,175,58,D,16,55362
2.58137,6.437,2787,2787,1,0,175059,175059,175,59,D,16,55363
2.58068,6.43609,2788,2788,1,0,175060,175060,175,60,D,16,55364
2.58152,6.4372,2789,2789,1,0,175061,175061,175,61,D,16,55365
2.58388,6.44029,2790,2790,1,0,175062,175062,175,62,D,16,55366
2.58775,6.44537,2791,2791,1,0,175063,175063,175,63,D,16,55367
2.59338,6.45277,2792,2792,1,0,175064,175064,175,64,D,16,55368
2.60054,6.46216,2793,2793,1,0,175065,175065,175,65,D,16,55369
2.60934,6.47372,2794,2794,1,0,175066,175066,175,66,D,16,55370
2.61986,6.48755,2795,2795,1,0,175067,175067,175,67,D,16,55371
2.63195,6.50344,2796,2796,1,0,175068,175068,175,68,D,16,55372
2.6461,6.52203,2797,2797,1,0,175069,175069,175,69,D,16,55373
2.66154,6.54237,2798,2798,1,0,175070,175070,175,70,D,16,55374
2.67936,6.56581,2799,2799,1,0,175071,175071,175,71,D,16,55375
2.69869,6.59128,2800,2800,1,0,175072,175072,175,72,D,16,55376
2.72008,6.61951,2801,2801,1,0,175073,175073,175,73,D,16,55377
2.7437,6.65069,2802,2802,1,0,175074,175074,175,74,D,16,55378
2.76927,6.68447,2803,2803,1,0,175075,175075,175,75,D,16,55379
2.79714,6.72129,2804,2804,1,0,175076,175076,175,76,D,16,55380
2.82719,6.7611,2805,2805,1,0,175077,175077,175,77,D,16,55381
2.85986,6.80439,2806,2806,1,0,175078,175078,175,78,D,16,55382
2.895,6.85105,2807,2807,1,0,175079,175079,175,79,D,16,55383
2.93285,6.90135,2808,2808,1,0,175080,175080,175,80,D,16,55384
2.97367,6.95566,2809,2809,1,0,175081,175081,175,81,D,16,55385
3.0175,7.01407,2810,2810,1,0,175082,175082,175,82,D,16,55386
3.0645,7.07688,2811,2811,1,0,175083,175083,175,83,D,16,55387
3.11501,7.14448,2812,2812,1,0,175084,175084,175,84,D,16,55388
3.16921,7.21713,2813,2813,1,0,175085,175085,175,85,D,16,55389
3.06447,7.07683,2765,2765,1,0,176037,176037,176,37,D,7,22853
3.0175,7.01407,2766,2766,1,0,176038,176038,176,38,D,7,22854
2.97367,6.95566,2767,2767,1,0,176039,176039,176,39,D,7,22855
2.93285,6.90135,2768,2768,1,0,176040,176040,176,40,D,7,22856
2.89497,6.851,2769,2769,1,0,176041,176041,176,41,D,7,22857
2.85966,6.80416,2770,2770,1,0,176042,176042,176,42,D,7,22858
2.8272,6.76111,2771,2771,1,0,176043,176043,176,43,D,7,22859
2.79713,6.72129,2772,2772,1,0,176044,176044,176,44,D,7,22860
2.76919,6.68435,2773,2773,1,0,176045,176045,176,45,D,7,22861
2.74364,6.65061,2774,2774,1,0,176046,176046,176,46,D,7,22862
2.72015,6.61959,2775,2775,1,0,176047,176047,176,47,D,7,22863
2.69882,6.59144,2776,2776,1,0,176048,176048,176,48,D,7,22864
2.6792,6.56561,2777,2777,1,0,176049,176049,176,49,D,7,22865
2.66169,6.54257,2778,2778,1,0,176050,176050,176,50,D,7,22866
2.6461,6.52203,2779,2779,1,0,176051,176051,176,51,D,7,22867
2.6322,6.50375,2780,2780,1,0,176052,176052,176,52,D,7,22868
2.61985,6.48753,2781,2781,1,0,176053,176053,176,53,D,7,22869
2.60932,6.47369,2782,2782,1,0,176054,176054,176,54,D,7,22870
2.60062,6.46228,2783,2783,1,0,176055,176055,176,55,D,7,22871
2.59333,6.4527,2784,2784,1,0,176056,176056,176,56,D,7,22872
2.58783,6.44548,2785,2785,1,0,176057,176057,176,57,D,7,22873
2.58388,6.44029,2786,2786,1,0,176058,176058,176,58,D,7,22874
2.58143,6.43708,2787,2787,1,0,176059,176059,176,59,D,7,22875
2.58068,6.43609,2788,2788,1,0,176060,176060,176,60,D,7,22876
2.58152,6.4372,2789,2789,1,0,176061,176061,176,61,D,7,22877
2.58379,6.44017,2790,2790,1,0,176062,176062,176,62,D,7,22878
2.58781,6.44545,2791,2791,1,0,176063,176063,176,63,D,7,22879
2.59336,6.45273,2792,2792,1,0,176064,176064,176,64,D,7,22880
2.60063,6.46228,2793,2793,1,0,176065,176065,176,65,D,7,22881
2.60934,6.47372,2794,2794,1,0,176066,176066,176,66,D,7,22882
2.61986,6.48755,2795,2795,1,0,176067,176067,176,67,D,7,22883
2.6321,6.50363,2796,2796,1,0,176068,176068,176,68,D,7,22884
2.6461,6.52203,2797,2797,1,0,176069,176069,176,69,D,7,22885
2.66154,6.54237,2798,2798,1,0,176070,176070,176,70,D,7,22886
2.67927,6.56569,2799,2799,1,0,176071,176071,176,71,D,7,22887
2.69884,6.59148,2800,2800,1,0,176072,176072,176,72,D,7,22888
2.72015,6.61959,2801,2801,1,0,176073,176073,176,73,D,7,22889
2.74364,6.65061,2802,2802,1,0,176074,176074,176,74,D,7,22890
2.76919,6.68435,2803,2803,1,0,176075,176075,176,75,D,7,22891
2.7972,6.72137,2804,2804,1,0,176076,176076,176,76,D,7,22892
2.82713,6.76103,2805,2805,1,0,176077,176077,176,77,D,7,22893
2.85986,6.80439,2806,2806,1,0,176078,176078,176,78,D,7,22894
2.89497,6.851,2807,2807,1,0,176079,176079,176,79,D,7,22895
2.93276,6.90123,2808,2808,1,0,176080,176080,176,80,D,7,22896
2.97367,6.95566,2809,2809,1,0,176081,176081,176,81,D,7,22897
3.0175,7.01407,2810,2810,1,0,176082,176082,176,82,D,7,22898
3.06447,7.07683,2811,2811,1,0,176083,176083,176,83,D,7,22899
3.11492,7.14435,2812,2812,1,0,176084,176084,176,84,D,7,22900
3.0645,7.07688,2765,2765,1,0,177037,177037,177,37,D,14,48149
3.0175,7.01407,2766,2766,1,0,177038,177038,177,38,D,14,48150
2.97367,6.95566,2767,2767,1,0,177039,177039,177,39,D,14,48151
2.93285,6.90135,2768,2768,1,0,177040,177040,177,40,D,14,48152
2.89491,6.85092,2769,2769,1,0,177041,177041,177,41,D,14,48153
2.85975,6.80428,2770,2770,1,0,177042,177042,177,42,D,14,48154
2.8272,6.76111,2771,2771,1,0,177043,177043,177,43,D,14,48155
2.79707,6.72121,2772,2772,1,0,177044,177044,177,44,D,14,48156
2.76919,6.68435,2773,2773,1,0,177045,177045,177,45,D,14,48157
2.74364,6.65061,2774,2774,1,0,177046,177046,177,46,D,14,48158
2.72015,6.61959,2775,2775,1,0,177047,177047,177,47,D,14,48159
2.69891,6.59156,2776,2776,1,0,177048,177048,177,48,D,14,48160
2.67936,6.56581,2777,2777,1,0,177049,177049,177,49,D,14,48161
2.66154,6.54237,2778,2778,1,0,177050,177050,177,50,D,14,48162
2.6461,6.52203,2779,2779,1,0,177051,177051,177,51,D,14,48163
2.63205,6.50355,2780,2780,1,0,177052,177052,177,52,D,14,48164
2.61985,6.48753,2781,2781,1,0,177053,177053,177,53,D,14,48165
2.60932,6.47369,2782,2782,1,0,177054,177054,177,54,D,14,48166
2.60054,6.46216,2783,2783,1,0,177055,177055,177,55,D,14,48167
2.59333,6.4527,2784,2784,1,0,177056,177056,177,56,D,14,48168
2.58783,6.44548,2785,2785,1,0,177057,177057,177,57,D,14,48169
2.58381,6.44021,2786,2786,1,0,177058,177058,177,58,D,14,48170
2.58152,6.4372,2787,2787,1,0,177059,177059,177,59,D,14,48171
2.58068,6.43609,2788,2788,1,0,177060,177060,177,60,D,14,48172
2.58143,6.43708,2789,2789,1,0,177061,177061,177,61,D,14,48173
2.58388,6.44029,2790,2790,1,0,177062,177062,177,62,D,14,48174
2.58775,6.44537,2791,2791,1,0,177063,177063,177,63,D,14,48175
2.59338,6.45277,2792,2792,1,0,177064,177064,177,64,D,14,48176
2.60054,6.46216,2793,2793,1,0,177065,177065,177,65,D,14,48177
2.60934,6.47372,2794,2794,1,0,177066,177066,177,66,D,14,48178
2.6198,6.48747,2795,2795,1,0,177067,177067,177,67,D,14,48179
2.6321,6.50363,2796,2796,1,0,177068,177068,177,68,D,14,48180
2.6461,6.52203,2797,2797,1,0,177069,177069,177,69,D,14,48181
2.66169,6.54257,2798,2798,1,0,177070,177070,177,70,D,14,48182
2.6792,6.56561,2799,2799,1,0,177071,177071,177,71,D,14,48183
2.69875,6.59136,2800,2800,1,0,177072,177072,177,72,D,14,48184
2.72015,6.61959,2801,2801,1,0,177073,177073,177,73,D,14,48185
2.74355,6.65049,2802,2802,1,0,177074,177074,177,74,D,14,48186
2.76919,6.68435,2803,2803,1,0,177075,177075,177,75,D,14,48187
2.79712,6.72125,2804,2804,1,0,177076,177076,177,76,D,14,48188
2.82719,6.76111,2805,2805,1,0,177077,177077,177,77,D,14,48189
2.85984,6.80434,2806,2806,1,0,177078,177078,177,78,D,14,48190
2.89497,6.851,2807,2807,1,0,177079,177079,177,79,D,14,48191
2.93285,6.90135,2808,2808,1,0,177080,177080,177,80,D,14,48192
2.97367,6.95566,2809,2809,1,0,177081,177081,177,81,D,14,48193
3.01744,7.014,2810,2810,1,0,177082,177082,177,82,D,14,48194
3.06447,7.07683,2811,2811,1,0,177083,177083,177,83,D,14,48195
3.06441,7.07675,2765,2765,1,0,178037,178037,178,37,D,5,15661
3.01744,7.014,2766,2766,1,0,178038,178038,178,38,D,5,15662
2.97367,6.95566,2767,2767,1,0,178039,178039,178,39,D,5,15663
2.93285,6.90135,2768,2768,1,0,178040,178040,178,40,D,5,15664
2.89497,6.851,2769,2769,1,0,178041,178041,178,41,D,5,15665
2.85973,6.80423,2770,2770,1,0,178042,178042,178,42,D,5,15666
2.82726,6.76119,2771,2771,1,0,178043,178043,178,43,D,5,15667
2.79713,6.72129,2772,2772,1,0,178044,178044,178,44,D,5,15668
2.76919,6.68435,2773,2773,1,0,178045,178045,178,45,D,5,15669
2.74355,6.65049,2774,2774,1,0,178046,178046,178,46,D,5,15670
2.72015,6.61959,2775,2775,1,0,178047,178047,178,47,D,5,15671
2.69882,6.59144,2776,2776,1,0,178048,178048,178,48,D,5,15672
2.6792,6.56561,2777,2777,1,0,178049,178049,178,49,D,5,15673
2.66169,6.54257,2778,2778,1,0,178050,178050,178,50,D,5,15674
2.64601,6.52191,2779,2779,1,0,178051,178051,178,51,D,5,15675
2.6322,6.50375,2780,2780,1,0,178052,178052,178,52,D,5,15676
2.61978,6.48745,2781,2781,1,0,178053,178053,178,53,D,5,15677
2.60932,6.47369,2782,2782,1,0,178054,178054,178,54,D,5,15678
2.60054,6.46216,2783,2783,1,0,178055,178055,178,55,D,5,15679
2.59336,6.45274,2784,2784,1,0,178056,178056,178,56,D,5,15680
2.58777,6.4454,2785,2785,1,0,178057,178057,178,57,D,5,15681
2.58388,6.44029,2786,2786,1,0,178058,178058,178,58,D,5,15682
2.58143,6.43708,2787,2787,1,0,178059,178059,178,59,D,5,15683
2.58068,6.43609,2788,2788,1,0,178060,178060,178,60,D,5,15684
2.58152,6.4372,2789,2789,1,0,178061,178061,178,61,D,5,15685
2.58381,6.44021,2790,2790,1,0,178062,178062,178,62,D,5,15686
2.58781,6.44545,2791,2791,1,0,178063,178063,178,63,D,5,15687
2.59329,6.45265,2792,2792,1,0,178064,178064,178,64,D,5,15688
2.60054,6.46216,2793,2793,1,0,178065,178065,178,65,D,5,15689
2.60934,6.47372,2794,2794,1,0,178066,178066,178,66,D,5,15690
2.61986,6.48755,2795,2795,1,0,178067,178067,178,67,D,5,15691
2.63195,6.50344,2796,2796,1,0,178068,178068,178,68,D,5,15692
2.6461,6.52203,2797,2797,1,0,178069,178069,178,69,D,5,15693
2.66154,6.54237,2798,2798,1,0,178070,178070,178,70,D,5,15694
2.67936,6.56581,2799,2799,1,0,178071,178071,178,71,D,5,15695
2.69877,6.5914,2800,2800,1,0,178072,178072,178,72,D,5,15696
2.72015,6.61959,2801,2801,1,0,178073,178073,178,73,D,5,15697
2.74364,6.65061,2802,2802,1,0,178074,178074,178,74,D,5,15698
2.76919,6.68435,2803,2803,1,0,178075,178075,178,75,D,5,15699
2.79714,6.72129,2804,2804,1,0,178076,178076,178,76,D,5,15700
2.82713,6.76103,2805,2805,1,0,178077,178077,178,77,D,5,15701
2.85986,6.80439,2806,2806,1,0,178078,178078,178,78,D,5,15702
2.89491,6.85092,2807,2807,1,0,178079,178079,178,79,D,5,15703
2.93285,6.90135,2808,2808,1,0,178080,178080,178,80,D,5,15704
2.97367,6.95566,2809,2809,1,0,178081,178081,178,81,D,5,15705
3.0175,7.01407,2810,2810,1,0,178082,178082,178,82,D,5,15706
3.06447,7.07683,2517,2517,1,0,179037,179037,179,37,D,12,40957
3.0175,7.01407,2518,2518,1,0,179038,179038,179,38,D,12,40958
2.97367,6.95566,2519,2519,1,0,179039,179039,179,39,D,12,40959
2.93276,6.90123,2520,2520,1,0,179040,179040,179,40,D,12,40960
2.89497,6.851,2521,2521,1,0,179041,179041,179,41,D,12,40961
2.85975,6.80428,2522,2522,1,0,179042,179042,179,42,D,12,40962
2.8272,6.76111,2523,2523,1,0,179043,179043,179,43,D,12,40963
2.79713,6.72129,2524,2524,1,0,179044,179044,179,44,D,12,40964
2.76919,6.68435,2525,2525,1,0,179045,179045,179,45,D,12,40965
2.74364,6.65061,2526,2526,1,0,179046,179046,179,46,D,12,40966
2.72015,6.61959,2527,2527,1,0,179047,179047,179,47,D,12,40967
2.69882,6.59144,2528,2528,1,0,179048,179048,179,48,D,12,40968
2.67927,6.56569,2529,2529,1,0,179049,179049,179,49,D,12,40969
2.66161,6.54245,2530,2530,1,0,179050,179050,179,50,D,12,40970
2.6461,6.52203,2531,2531,1,0,179051,179051,179,51,D,12,40971
2.6322,6.50375,2532,2532,1,0,179052,179052,179,52,D,12,40972
2.61976,6.48741,2533,2533,1,0,179053,179053,179,53,D,12,40973
2.60932,6.47369,2534,2534,1,0,179054,179054,179,54,D,12,40974
2.60062,6.46228,2535,2535,1,0,179055,179055,179,55,D,12,40975
2.59333,6.4527,2536,2536,1,0,179056,179056,179,56,D,12,40976
2.58783,6.44548,2537,2537,1,0,179057,179057,179,57,D,12,40977
2.58379,6.44017,2538,2538,1,0,179058,179058,179,58,D,12,40978
2.58143,6.43708,2539,2539,1,0,179059,179059,179,59,D,12,40979
2.58083,6.43629,2540,2540,1,0,179060,179060,179,60,D,12,40980
2.58143,6.43708,2541,2541,1,0,179061,179061,179,61,D,12,40981
2.58388,6.44029,2542,2542,1,0,179062,179062,179,62,D,12,40982
2.58781,6.44545,2543,2543,1,0,179063,179063,179,63,D,12,40983
2.59336,6.45273,2544,2544,1,0,179064,179064,179,64,D,12,40984
2.60063,6.46228,2545,2545,1,0,179065,179065,179,65,D,12,40985
2.60934,6.47372,2546,2546,1,0,179066,179066,179,66,D,12,40986
2.61977,6.48743,2547,2547,1,0,179067,179067,179,67,D,12,40987
2.6321,6.50363,2548,2548,1,0,179068,179068,179,68,D,12,40988
2.6461,6.52203,2549,2549,1,0,179069,179069,179,69,D,12,40989
2.66161,6.54245,2550,2550,1,0,179070,179070,179,70,D,12,40990
2.67927,6.56569,2551,2551,1,0,179071,179071,179,71,D,12,40991
2.69875,6.59136,2552,2552,1,0,179072,179072,179,72,D,12,40992
2.72015,6.61959,2553,2553,1,0,179073,179073,179,73,D,12,40993
2.74364,6.65061,2554,2554,1,0,179074,179074,179,74,D,12,40994
2.76919,6.68435,2555,2555,1,0,179075,179075,179,75,D,12,40995
2.7972,6.72137,2556,2556,1,0,179076,179076,179,76,D,12,40996
2.82713,6.76103,2557,2557,1,0,179077,179077,179,77,D,12,40997
2.85986,6.80439,2558,2558,1,0,179078,179078,179,78,D,12,40998
2.89497,6.851,2559,2559,1,0,179079,179079,179,79,D,12,40999
2.93285,6.90135,2560,2560,1,0,179080,179080,179,80,D,12,41000
3.0645,7.07688,2517,2517,1,0,180037,180037,180,37,D,3,8469
3.0175,7.01407,2518,2518,1,0,180038,180038,180,38,D,3,8470
2.97367,6.95566,2519,2519,1,0,180039,180039,180,39,D,3,8471
2.93285,6.90135,2520,2520,1,0,180040,180040,180,40,D,3,8472
2.895,6.85105,2521,2521,1,0,180041,180041,180,41,D,3,8473
2.85975,6.80428,2522,2522,1,0,180042,180042,180,42,D,3,8474
2.82726,6.76119,2523,2523,1,0,180043,180043,180,43,D,3,8475
2.79707,6.72121,2524,2524,1,0,180044,180044,180,44,D,3,8476
2.76919,6.68435,2525,2525,1,0,180045,180045,180,45,D,3,8477
2.7437,6.65069,2526,2526,1,0,180046,180046,180,46,D,3,8478
2.72008,6.61951,2527,2527,1,0,180047,180047,180,47,D,3,8479
2.69875,6.59136,2528,2528,1,0,180048,180048,180,48,D,3,8480
2.67936,6.56581,2529,2529,1,0,180049,180049,180,49,D,3,8481
2.66154,6.54237,2530,2530,1,0,180050,180050,180,50,D,3,8482
2.6461,6.52203,2531,2531,1,0,180051,180051,180,51,D,3,8483
2.63205,6.50355,2532,2532,1,0,180052,180052,180,52,D,3,8484
2.61985,6.48753,2533,2533,1,0,180053,180053,180,53,D,3,8485
2.60932,6.47369,2534,2534,1,0,180054,180054,180,54,D,3,8486
2.60054,6.46216,2535,2535,1,0,180055,180055,180,55,D,3,8487
2.59336,6.45274,2536,2536,1,0,180056,180056,180,56,D,3,8488
2.58777,6.4454,2537,2537,1,0,180057,180057,180,57,D,3,8489
2.58388,6.44029,2538,2538,1,0,180058,180058,180,58,D,3,8490
2.58152,6.4372,2539,2539,1,0,180059,180059,180,59,D,3,8491
2.58068,6.43609,2540,2540,1,0,180060,180060,180,60,D,3,8492
2.58137,6.437,2541,2541,1,0,180061,180061,180,61,D,3,8493
2.58388,6.44029,2542,2542,1,0,180062,180062,180,62,D,3,8494
2.58775,6.44537,2543,2543,1,0,180063,180063,180,63,D,3,8495
2.59338,6.45277,2544,2544,1,0,180064,180064,180,64,D,3,8496
2.60054,6.46216,2545,2545,1,0,180065,180065,180,65,D,3,8497
2.60934,6.47372,2546,2546,1,0,180066,180066,180,66,D,3,8498
2.6198,6.48747,2547,2547,1,0,180067,180067,180,67,D,3,8499
2.6321,6.50363,2548,2548,1,0,180068,180068,180,68,D,3,8500
2.64601,6.52191,2549,2549,1,0,180069,180069,180,69,D,3,8501
2.66169,6.54257,2550,2550,1,0,180070,180070,180,70,D,3,8502
2.6792,6.56561,2551,2551,1,0,180071,180071,180,71,D,3,8503
2.69875,6.59136,2552,2552,1,0,180072,180072,180,72,D,3,8504
2.72015,6.61959,2553,2553,1,0,180073,180073,180,73,D,3,8505
2.74355,6.65049,2554,2554,1,0,180074,180074,180,74,D,3,8506
2.76919,6.68435,2555,2555,1,0,180075,180075,180,75,D,3,8507
2.7972,6.72137,2556,2556,1,0,180076,180076,180,76,D,3,8508
2.82719,6.76111,2557,2557,1,0,180077,180077,180,77,D,3,8509
2.85992,6.80447,2558,2558,1,0,180078,180078,180,78,D,3,8510
3.06447,7.07683,2517,2517,1,0,181037,181037,181,37,D,10,33765
3.01744,7.014,2518,2518,1,0,181038,181038,181,38,D,10,33766
2.97367,6.95566,2519,2519,1,0,181039,181039,181,39,D,10,33767
2.93285,6.90135,2520,2520,1,0,181040,181040,181,40,D,10,33768
2.89497,6.851,2521,2521,1,0,181041,181041,181,41,D,10,33769
2.85966,6.80416,2522,2522,1,0,181042,181042,181,42,D,10,33770
2.8272,6.76111,2523,2523,1,0,181043,181043,181,43,D,10,33771
2.79705,6.72116,2524,2524,1,0,181044,181044,181,44,D,10,33772
2.76919,6.68435,2525,2525,1,0,181045,181045,181,45,D,10,33773
2.74355,6.65049,2526,2526,1,0,181046,181046,181,46,D,10,33774
2.72015,6.61959,2527,2527,1,0,181047,181047,181,47,D,10,33775
2.69882,6.59144,2528,2528,1,0,181048,181048,181,48,D,10,33776
2.6792,6.56561,2529,2529,1,0,181049,181049,181,49,D,10,33777
2.66169,6.54257,2530,2530,1,0,181050,181050,181,50,D,10,33778
2.6461,6.52203,2531,2531,1,0,181051,181051,181,51,D,10,33779
2.6322,6.50375,2532,2532,1,0,181052,181052,181,52,D,10,33780
2.61985,6.48753,2533,2533,1,0,181053,181053,181,53,D,10,33781
2.60932,6.47369,2534,2534,1,0,181054,181054,181,54,D,10,33782
2.60054,6.46216,2535,2535,1,0,181055,181055,181,55,D,10,33783
2.59333,6.4527,2536,2536,1,0,181056,181056,181,56,D,10,33784
2.58777,6.4454,2537,2537,1,0,181057,181057,181,57,D,10,33785
2.58388,6.44029,2538,2538,1,0,181058,181058,181,58,D,10,33786
2.58143,6.43708,2539,2539,1,0,181059,181059,181,59,D,10,33787
2.58068,6.43609,2540,2540,1,0,181060,181060,181,60,D,10,33788
2.58152,6.4372,2541,2541,1,0,181061,181061,181,61,D,10,33789
2.58381,6.44021,2542,2542,1,0,181062,181062,181,62,D,10,33790
2.58781,6.44545,2543,2543,1,0,181063,181063,181,63,D,10,33791
2.59336,6.45273,2544,2544,1,0,181064,181064,181,64,D,10,33792
2.60054,6.46216,2545,2545,1,0,181065,181065,181,65,D,10,33793
2.60934,6.47372,2546,2546,1,0,181066,181066,181,66,D,10,33794
2.61986,6.48755,2547,2547,1,0,181067,181067,181,67,D,10,33795
2.63195,6.50344,2548,2548,1,0,181068,181068,181,68,D,10,33796
2.6461,6.52203,2549,2549,1,0,181069,181069,181,69,D,10,33797
2.66154,6.54237,2550,2550,1,0,181070,181070,181,70,D,10,33798
2.67936,6.56581,2551,2551,1,0,181071,181071,181,71,D,10,33799
2.69884,6.59148,2552,2552,1,0,181072,181072,181,72,D,10,33800
2.72015,6.61959,2553,2553,1,0,181073,181073,181,73,D,10,33801
2.74364,6.65061,2554,2554,1,0,181074,181074,181,74,D,10,33802
2.76919,6.68435,2555,2555,1,0,181075,181075,181,75,D,10,33803
2.7972,6.72137,2556,2556,1,0,181076,181076,181,76,D,10,33804
3.06447,7.07683,2517,2517,1,0,182037,182037,182,37,D,1,1277
3.0175,7.01407,2518,2518,1,0,182038,182038,182,38,D,1,1278
2.97367,6.95566,2519,2519,1,0,182039,182039,182,39,D,1,1279
2.93276,6.90123,2520,2520,1,0,182040,182040,182,40,D,1,1280
2.89497,6.851,2521,2521,1,0,182041,182041,182,41,D,1,1281
2.85975,6.80428,2522,2522,1,0,182042,182042,182,42,D,1,1282
2.8272,6.76111,2523,2523,1,0,182043,182043,182,43,D,1,1283
2.79713,6.72129,2524,2524,1,0,182044,182044,182,44,D,1,1284
2.76919,6.68435,2525,2525,1,0,182045,182045,182,45,D,1,1285
2.74364,6.65061,2526,2526,1,0,182046,182046,182,46,D,1,1286
2.72015,6.61959,2527,2527,1,0,182047,182047,182,47,D,1,1287
2.69891,6.59156,2528,2528,1,0,182048,182048,182,48,D,1,1288
2.67927,6.56569,2529,2529,1,0,182049,182049,182,49,D,1,1289
2.66154,6.54237,2530,2530,1,0,182050,182050,182,50,D,1,1290
2.6461,6.52203,2531,2531,1,0,182051,182051,182,51,D,1,1291
2.63214,6.50367,2532,2532,1,0,182052,182052,182,52,D,1,1292
2.61985,6.48753,2533,2533,1,0,182053,182053,182,53,D,1,1293
2.60932,6.47369,2534,2534,1,0,182054,182054,182,54,D,1,1294
2.60054,6.46216,2535,2535,1,0,182055,182055,182,55,D,1,1295
2.59333,6.4527,2536,2536,1,0,182056,182056,182,56,D,1,1296
2.58783,6.44548,2537,2537,1,0,182057,182057,182,57,D,1,1297
2.58388,6.44029,2538,2538,1,0,182058,182058,182,58,D,1,1298
2.58152,6.4372,2539,2539,1,0,182059,182059,182,59,D,1,1299
2.58068,6.43609,2540,2540,1,0,182060,182060,182,60,D,1,1300
2.58143,6.43708,2541,2541,1,0,182061,182061,182,61,D,1,1301
2.58388,6.44029,2542,2542,1,0,182062,182062,182,62,D,1,1302
2.58781,6.44545,2543,2543,1,0,182063,182063,182,63,D,1,1303
2.59336,6.45273,2544,2544,1,0,182064,182064,182,64,D,1,1304
2.60063,6.46228,2545,2545,1,0,182065,182065,182,65,D,1,1305
2.60934,6.47372,2546,2546,1,0,182066,182066,182,66,D,1,1306
2.61986,6.48755,2547,2547,1,0,182067,182067,182,67,D,1,1307
2.6321,6.50363,2548,2548,1,0,182068,182068,182,68,D,1,1308
2.6461,6.52203,2549,2549,1,0,182069,182069,182,69,D,1,1309
2.66169,6.54257,2550,2550,1,0,182070,182070,182,70,D,1,1310
2.6792,6.56561,2551,2551,1,0,182071,182071,182,71,D,1,1311
2.69875,6.59136,2552,2552,1,0,182072,182072,182,72,D,1,1312
2.72015,6.61959,2553,2553,1,0,182073,182073,182,73,D,1,1313
2.74364,6.65061,2554,2554,1,0,182074,182074,182,74,D,1,1314
2.76919,6.68436,2555,2555,1,0,182075,182075,182,75,D,1,1315
3.0645,7.07688,2517,2517,1,0,183037,183037,183,37,D,8,26573
3.0175,7.01407,2518,2518,1,0,183038,183038,183,38,D,8,26574
2.97367,6.95566,2519,2519,1,0,183039,183039,183,39,D,8,26575
2.93285,6.90135,2520,2520,1,0,183040,183040,183,40,D,8,26576
2.89506,6.85112,2521,2521,1,0,183041,183041,183,41,D,8,26577
2.85981,6.80436,2522,2522,1,0,183042,183042,183,42,D,8,26578
2.82726,6.76119,2523,2523,1,0,183043,183043,183,43,D,8,26579
2.79707,6.72121,2524,2524,1,0,183044,183044,183,44,D,8,26580
2.76927,6.68447,2525,2525,1,0,183045,183045,183,45,D,8,26581
2.74362,6.65057,2526,2526,1,0,183046,183046,183,46,D,8,26582
2.72008,6.61951,2527,2527,1,0,183047,183047,183,47,D,8,26583
2.69875,6.59136,2528,2528,1,0,183048,183048,183,48,D,8,26584
2.67936,6.56581,2529,2529,1,0,183049,183049,183,49,D,8,26585
2.66154,6.54237,2530,2530,1,0,183050,183050,183,50,D,8,26586
2.6461,6.52203,2531,2531,1,0,183051,183051,183,51,D,8,26587
2.63205,6.50355,2532,2532,1,0,183052,183052,183,52,D,8,26588
2.61985,6.48753,2533,2533,1,0,183053,183053,183,53,D,8,26589
2.60932,6.47369,2534,2534,1,0,183054,183054,183,54,D,8,26590
2.60054,6.46216,2535,2535,1,0,183055,183055,183,55,D,8,26591
2.59336,6.45274,2536,2536,1,0,183056,183056,183,56,D,8,26592
2.58777,6.4454,2537,2537,1,0,183057,183057,183,57,D,8,26593
2.58388,6.44029,2538,2538,1,0,183058,183058,183,58,D,8,26594
2.58152,6.4372,2539,2539,1,0,183059,183059,183,59,D,8,26595
2.58068,6.43609,2540,2540,1,0,183060,183060,183,60,D,8,26596
2.58137,6.437,2541,2541,1,0,183061,183061,183,61,D,8,26597
2.58388,6.44029,2542,2542,1,0,183062,183062,183,62,D,8,26598
2.58775,6.44537,2543,2543,1,0,183063,183063,183,63,D,8,26599
2.59338,6.45277,2544,2544,1,0,183064,183064,183,64,D,8,26600
2.60054,6.46216,2545,2545,1,0,183065,183065,183,65,D,8,26601
2.60943,6.47384,2546,2546,1,0,183066,183066,183,66,D,8,26602
2.6198,6.48747,2547,2547,1,0,183067,183067,183,67,D,8,26603
2.6321,6.50363,2548,2548,1,0,183068,183068,183,68,D,8,26604
2.64601,6.52191,2549,2549,1,0,183069,183069,183,69,D,8,26605
2.66169,6.54257,2550,2550,1,0,183070,183070,183,70,D,8,26606
2.6792,6.56561,2551,2551,1,0,183071,183071,183,71,D,8,26607
2.69873,6.59134,2552,2552,1,0,183072,183072,183,72,D,8,26608
2.72019,6.61964,2553,2553,1,0,183073,183073,183,73,D,8,26609
3.06447,7.07683,2517,2517,1,0,184037,184037,184,37,D,15,51869
3.01744,7.014,2518,2518,1,0,184038,184038,184,38,D,15,51870
2.97367,6.95566,2519,2519,1,0,184039,184039,184,39,D,15,51871
2.93285,6.90135,2520,2520,1,0,184040,184040,184,40,D,15,51872
2.89497,6.851,2521,2521,1,0,184041,184041,184,41,D,15,51873
2.85966,6.80416,2522,2522,1,0,184042,184042,184,42,D,15,51874
2.8272,6.76111,2523,2523,1,0,184043,184043,184,43,D,15,51875
2.79713,6.72129,2524,2524,1,0,184044,184044,184,44,D,15,51876
2.76919,6.68435,2525,2525,1,0,184045,184045,184,45,D,15,51877
2.74364,6.65061,2526,2526,1,0,184046,184046,184,46,D,15,51878
2.72015,6.61959,2527,2527,1,0,184047,184047,184,47,D,15,51879
2.69882,6.59144,2528,2528,1,0,184048,184048,184,48,D,15,51880
2.6792,6.56561,2529,2529,1,0,184049,184049,184,49,D,15,51881
2.66169,6.54257,2530,2530,1,0,184050,184050,184,50,D,15,51882
2.6461,6.52203,2531,2531,1,0,184051,184051,184,51,D,15,51883
2.6322,6.50375,2532,2532,1,0,184052,184052,184,52,D,15,51884
2.61985,6.48753,2533,2533,1,0,184053,184053,184,53,D,15,51885
2.60932,6.47369,2534,2534,1,0,184054,184054,184,54,D,15,51886
2.60062,6.46228,2535,2535,1,0,184055,184055,184,55,D,15,51887
2.59333,6.4527,2536,2536,1,0,184056,184056,184,56,D,15,51888
2.58783,6.44548,2537,2537,1,0,184057,184057,184,57,D,15,51889
2.58388,6.44029,2538,2538,1,0,184058,184058,184,58,D,15,51890
2.58143,6.43708,2539,2539,1,0,184059,184059,184,59,D,15,51891
2.58068,6.43609,2540,2540,1,0,184060,184060,184,60,D,15,51892
2.58152,6.4372,2541,2541,1,0,184061,184061,184,61,D,15,51893
2.58388,6.44029,2542,2542,1,0,184062,184062,184,62,D,15,51894
2.58781,6.44545,2543,2543,1,0,184063,184063,184,63,D,15,51895
2.59336,6.45273,2544,2544,1,0,184064,184064,184,64,D,15,51896
2.60054,6.46216,2545,2545,1,0,184065,184065,184,65,D,15,51897
2.60935,6.47373,2546,2546,1,0,184066,184066,184,66,D,15,51898
2.63204,6.50356,2548,2548,1,0,184068,184068,184,68,D,15,51900
2.64608,6.522,2549,2549,1,0,184069,184069,184,69,D,15,51901
2.66156,6.5424,2550,2550,1,0,184070,184070,184,70,D,15,51902
2.67926,6.56569,2551,2551,1,0,184071,184071,184,71,D,15,51903
3.0645,7.07688,2517,2517,1,0,185037,185037,185,37,D,6,19381
3.0175,7.01407,2518,2518,1,0,185038,185038,185,38,D,6,19382
2.97367,6.95566,2519,2519,1,0,185039,185039,185,39,D,6,19383
2.93285,6.90135,2520,2520,1,0,185040,185040,185,40,D,6,19384
2.89491,6.85092,2521,2521,1,0,185041,185041,185,41,D,6,19385
2.85975,6.80428,2522,2522,1,0,185042,185042,185,42,D,6,19386
2.8272,6.76111,2523,2523,1,0,185043,185043,185,43,D,6,19387
2.79713,6.72129,2524,2524,1,0,185044,185044,185,44,D,6,19388
2.76919,6.68435,2525,2525,1,0,185045,185045,185,45,D,6,19389
2.74364,6.65061,2526,2526,1,0,185046,185046,185,46,D,6,19390
2.72015,6.61959,2527,2527,1,0,185047,185047,185,47,D,6,19391
2.69891,6.59156,2528,2528,1,0,185048,185048,185,48,D,6,19392
2.67936,6.56581,2529,2529,1,0,185049,185049,185,49,D,6,19393
2.66154,6.54237,2530,2530,1,0,185050,185050,185,50,D,6,19394
2.6461,6.52203,2531,2531,1,0,185051,185051,185,51,D,6,19395
2.63205,6.50355,2532,2532,1,0,185052,185052,185,52,D,6,19396
2.61985,6.48753,2533,2533,1,0,185053,185053,185,53,D,6,19397
2.60932,6.47369,2534,2534,1,0,185054,185054,185,54,D,6,19398
2.60054,6.46216,2535,2535,1,0,185055,185055,185,55,D,6,19399
2.59333,6.4527,2536,2536,1,0,185056,185056,185,56,D,6,19400
2.58783,6.44548,2537,2537,1,0,185057,185057,185,57,D,6,19401
2.58381,6.44021,2538,2538,1,0,185058,185058,185,58,D,6,19402
2.58152,6.4372,2539,2539,1,0,185059,185059,185,59,D,6,19403
2.58068,6.43609,2540,2540,1,0,185060,185060,185,60,D,6,19404
2.58146,6.43711,2541,2541,1,0,185061,185061,185,61,D,6,19405
2.5839,6.44032,2542,2542,1,0,185062,185062,185,62,D,6,19406
2.58777,6.4454,2543,2543,1,0,185063,185063,185,63,D,6,19407
2.59342,6.45282,2544,2544,1,0,185064,185064,185,64,D,6,19408
2.60056,6.46219,2545,2545,1,0,185065,185065,185,65,D,6,19409
3.11501,7.14448,3012,3012,1,0,186036,186036,186,36,D,13,44676
3.0645,7.07688,3013,3013,1,0,186037,186037,186,37,D,13,44677
3.01759,7.01419,3014,3014,1,0,186038,186038,186,38,D,13,44678
2.97367,6.95566,3015,3015,1,0,186039,186039,186,39,D,13,44679
2.93285,6.90135,3016,3016,1,0,186040,186040,186,40,D,13,44680
2.89506,6.85112,3017,3017,1,0,186041,186041,186,41,D,13,44681
2.85981,6.80436,3018,3018,1,0,186042,186042,186,42,D,13,44682
2.82726,6.76119,3019,3019,1,0,186043,186043,186,43,D,13,44683
2.79707,6.72121,3020,3020,1,0,186044,186044,186,44,D,13,44684
2.76934,6.68454,3021,3021,1,0,186045,186045,186,45,D,13,44685
2.74362,6.65057,3022,3022,1,0,186046,186046,186,46,D,13,44686
2.72017,6.61963,3023,3023,1,0,186047,186047,186,47,D,13,44687
2.69875,6.59136,3024,3024,1,0,186048,186048,186,48,D,13,44688
2.67929,6.56573,3025,3025,1,0,186049,186049,186,49,D,13,44689
2.66154,6.54237,3026,3026,1,0,186050,186050,186,50,D,13,44690
2.6461,6.52203,3027,3027,1,0,186051,186051,186,51,D,13,44691
2.63205,6.50355,3028,3028,1,0,186052,186052,186,52,D,13,44692
2.61985,6.48753,3029,3029,1,0,186053,186053,186,53,D,13,44693
2.60932,6.47369,3030,3030,1,0,186054,186054,186,54,D,13,44694
2.60047,6.46208,3031,3031,1,0,186055,186055,186,55,D,13,44695
2.59335,6.45273,3032,3032,1,0,186056,186056,186,56,D,13,44696
2.58785,6.44551,3033,3033,1,0,186057,186057,186,57,D,13,44697
2.5839,6.44032,3034,3034,1,0,186058,186058,186,58,D,13,44698
2.58147,6.43713,3035,3035,1,0,186059,186059,186,59,D,13,44699
2.5807,6.43613,3036,3036,1,0,186060,186060,186,60,D,13,44700
2.58142,6.43706,3037,3037,1,0,186061,186061,186,61,D,13,44701
2.58386,6.44027,3038,3038,1,0,186062,186062,186,62,D,13,44702
2.5878,6.44544,3039,3039,1,0,186063,186063,186,63,D,13,44703
2.59337,6.45275,3040,3040,1,0,186064,186064,186,64,D,13,44704
3.11486,7.14428,3012,3012,1,0,187036,187036,187,36,D,4,12188
3.06447,7.07683,3013,3013,1,0,187037,187037,187,37,D,4,12189
3.0175,7.01407,3014,3014,1,0,187038,187038,187,38,D,4,12190
2.97367,6.95566,3015,3015,1,0,187039,187039,187,39,D,4,12191
2.93285,6.90135,3016,3016,1,0,187040,187040,187,40,D,4,12192
2.89497,6.851,3017,3017,1,0,187041,187041,187,41,D,4,12193
2.85975,6.80428,3018,3018,1,0,187042,187042,187,42,D,4,12194
2.8272,6.76111,3019,3019,1,0,187043,187043,187,43,D,4,12195
2.79713,6.72129,3020,3020,1,0,187044,187044,187,44,D,4,12196
2.76919,6.68435,3021,3021,1,0,187045,187045,187,45,D,4,12197
2.74364,6.65061,3022,3022,1,0,187046,187046,187,46,D,4,12198
2.72015,6.61959,3023,3023,1,0,187047,187047,187,47,D,4,12199
2.69882,6.59144,3024,3024,1,0,187048,187048,187,48,D,4,12200
2.67927,6.56569,3025,3025,1,0,187049,187049,187,49,D,4,12201
2.66161,6.54245,3026,3026,1,0,187050,187050,187,50,D,4,12202
2.6461,6.52203,3027,3027,1,0,187051,187051,187,51,D,4,12203
2.63215,6.50368,3028,3028,1,0,187052,187052,187,52,D,4,12204
2.61981,6.48748,3029,3029,1,0,187053,187053,187,53,D,4,12205
2.60932,6.47369,3030,3030,1,0,187054,187054,187,54,D,4,12206
2.60058,6.46222,3031,3031,1,0,187055,187055,187,55,D,4,12207
2.59332,6.45269,3032,3032,1,0,187056,187056,187,56,D,4,12208
2.58781,6.44546,3033,3033,1,0,187057,187057,187,57,D,4,12209
2.58386,6.44027,3034,3034,1,0,187058,187058,187,58,D,4,12210
2.58146,6.43712,3035,3035,1,0,187059,187059,187,59,D,4,12211
2.5807,6.43611,3036,3036,1,0,187060,187060,187,60,D,4,12212
2.58147,6.43714,3037,3037,1,0,187061,187061,187,61,D,4,12213
2.58385,6.44026,3038,3038,1,0,187062,187062,187,62,D,4,12214
2.58779,6.44543,3039,3039,1,0,187063,187063,187,63,D,4,12215
3.16904,7.21692,3011,3011,1,0,188035,188035,188,35,D,11,37483
3.11501,7.14448,3012,3012,1,0,188036,188036,188,36,D,11,37484
3.0645,7.07688,3013,3013,1,0,188037,188037,188,37,D,11,37485
3.0175,7.01407,3014,3014,1,0,188038,188038,188,38,D,11,37486
2.97367,6.95566,3015,3015,1,0,188039,188039,188,39,D,11,37487
2.93285,6.90135,3016,3016,1,0,188040,188040,188,40,D,11,37488
2.89491,6.85092,3017,3017,1,0,188041,188041,188,41,D,11,37489
2.85975,6.80428,3018,3018,1,0,188042,188042,188,42,D,11,37490
2.8272,6.76111,3019,3019,1,0,188043,188043,188,43,D,11,37491
2.79707,6.72121,3020,3020,1,0,188044,188044,188,44,D,11,37492
2.76919,6.68435,3021,3021,1,0,188045,188045,188,45,D,11,37493
2.74361,6.65056,3022,3022,1,0,188046,188046,188,46,D,11,37494
2.72011,6.61954,3023,3023,1,0,188047,188047,188,47,D,11,37495
2.69883,6.59146,3024,3024,1,0,188048,188048,188,48,D,11,37496
2.67932,6.56577,3025,3025,1,0,188049,188049,188,49,D,11,37497
2.66158,6.54242,3026,3026,1,0,188050,188050,188,50,D,11,37498
2.64607,6.52199,3027,3027,1,0,188051,188051,188,51,D,11,37499
2.63213,6.50365,3028,3028,1,0,188052,188052,188,52,D,11,37500
2.61982,6.4875,3029,3029,1,0,188053,188053,188,53,D,11,37501
2.60933,6.47371,3030,3030,1,0,188054,188054,188,54,D,11,37502
2.60054,6.46216,3031,3031,1,0,188055,188055,188,55,D,11,37503
2.59335,6.45272,3032,3032,1,0,188056,188056,188,56,D,11,37504
2.58781,6.44546,3033,3033,1,0,188057,188057,188,57,D,11,37505
2.58386,6.44027,3034,3034,1,0,188058,188058,188,58,D,11,37506
2.58147,6.43714,3035,3035,1,0,188059,188059,188,59,D,11,37507
2.5807,6.43611,3036,3036,1,0,188060,188060,188,60,D,11,37508
2.58146,6.43712,3037,3037,1,0,188061,188061,188,61,D,11,37509
3.16913,7.21705,3011,3011,1,0,189035,189035,189,35,D,2,4995
3.11492,7.14435,3012,3012,1,0,189036,189036,189,36,D,2,4996
3.0645,7.07688,3013,3013,1,0,189037,189037,189,37,D,2,4997
3.01759,7.01419,3014,3014,1,0,189038,189038,189,38,D,2,4998
2.97367,6.95566,3015,3015,1,0,189039,189039,189,39,D,2,4999
2.93279,6.90128,3016,3016,1,0,189040,189040,189,40,D,2,5000
2.89503,6.85107,3017,3017,1,0,189041,189041,189,41,D,2,5001
2.85978,6.80432,3018,3018,1,0,189042,189042,189,42,D,2,5002
2.82721,6.76112,3019,3019,1,0,189043,189043,189,43,D,2,5003
2.79707,6.7212,3020,3020,1,0,189044,189044,189,44,D,2,5004
2.76929,6.68448,3021,3021,1,0,189045,189045,189,45,D,2,5005
2.74362,6.65058,3022,3022,1,0,189046,189046,189,46,D,2,5006
2.72017,6.61963,3023,3023,1,0,189047,189047,189,47,D,2,5007
2.69881,6.59143,3024,3024,1,0,189048,189048,189,48,D,2,5008
2.67926,6.56569,3025,3025,1,0,189049,189049,189,49,D,2,5009
2.66162,6.54247,3026,3026,1,0,189050,189050,189,50,D,2,5010
2.64607,6.52198,3027,3027,1,0,189051,189051,189,51,D,2,5011
2.63214,6.50366,3028,3028,1,0,189052,189052,189,52,D,2,5012
2.61983,6.48751,3029,3029,1,0,189053,189053,189,53,D,2,5013
2.60934,6.47372,3030,3030,1,0,189054,189054,189,54,D,2,5014
2.60055,6.46217,3031,3031,1,0,189055,189055,189,55,D,2,5015
2.59334,6.45271,3032,3032,1,0,189056,189056,189,56,D,2,5016
2.58781,6.44546,3033,3033,1,0,189057,189057,189,57,D,2,5017
2.58386,6.44027,3034,3034,1,0,189058,189058,189,58,D,2,5018
2.58146,6.43712,3035,3035,1,0,189059,189059,189,59,D,2,5019
2.5807,6.43611,3036,3036,1,0,189060,189060,189,60,D,2,5020
3.22734,7.29526,3010,3010,1,0,190034,190034,190,34,D,9,30290
3.16904,7.21692,3011,3011,1,0,190035,190035,190,35,D,9,30291
3.11495,7.14441,3012,3012,1,0,190036,190036,190,36,D,9,30292
3.06447,7.07683,3013,3013,1,0,190037,190037,190,37,D,9,30293
3.01751,7.01409,3014,3014,1,0,190038,190038,190,38,D,9,30294
2.9737,6.9557,3015,3015,1,0,190039,190039,190,39,D,9,30295
2.9328,6.90128,3016,3016,1,0,190040,190040,190,40,D,9,30296
2.89495,6.85097,3017,3017,1,0,190041,190041,190,41,D,9,30297
2.8598,6.80434,3018,3018,1,0,190042,190042,190,42,D,9,30298
2.82723,6.76115,3019,3019,1,0,190043,190043,190,43,D,9,30299
2.79709,6.72124,3020,3020,1,0,190044,190044,190,44,D,9,30300
2.76924,6.68442,3021,3021,1,0,190045,190045,190,45,D,9,30301
2.74362,6.65058,3022,3022,1,0,190046,190046,190,46,D,9,30302
2.72015,6.6196,3023,3023,1,0,190047,190047,190,47,D,9,30303
2.69882,6.59144,3024,3024,1,0,190048,190048,190,48,D,9,30304
2.67927,6.5657,3025,3025,1,0,190049,190049,190,49,D,9,30305
2.66162,6.54247,3026,3026,1,0,190050,190050,190,50,D,9,30306
2.64607,6.52198,3027,3027,1,0,190051,190051,190,51,D,9,30307
2.63213,6.50365,3028,3028,1,0,190052,190052,190,52,D,9,30308
2.61982,6.4875,3029,3029,1,0,190053,190053,190,53,D,9,30309
2.60934,6.47372,3030,3030,1,0,190054,190054,190,54,D,9,30310
2.60055,6.46217,3031,3031,1,0,190055,190055,190,55,D,9,30311
2.59335,6.45272,3032,3032,1,0,190056,190056,190,56,D,9,30312
2.58781,6.44546,3033,3033,1,0,190057,190057,190,57,D,9,30313
2.58386,6.44027,3034,3034,1,0,190058,190058,190,58,D,9,30314
3.28947,7.37904,3009,3009,1,0,191033,191033,191,33,D,16,55585
3.22728,7.29518,3010,3010,1,0,191034,191034,191,34,D,16,55586
3.16912,7.21704,3011,3011,1,0,191035,191035,191,35,D,16,55587
3.11496,7.14441,3012,3012,1,0,191036,191036,191,36,D,16,55588
3.06449,7.07686,3013,3013,1,0,191037,191037,191,37,D,16,55589
3.01746,7.01402,3014,3014,1,0,191038,191038,191,38,D,16,55590
2.97368,6.95567,3015,3015,1,0,191039,191039,191,39,D,16,55591
2.93283,6.90133,3016,3016,1,0,191040,191040,191,40,D,16,55592
2.895,6.85103,3017,3017,1,0,191041,191041,191,41,D,16,55593
2.85977,6.80429,3018,3018,1,0,191042,191042,191,42,D,16,55594
2.82725,6.76117,3019,3019,1,0,191043,191043,191,43,D,16,55595
2.79711,6.72126,3020,3020,1,0,191044,191044,191,44,D,16,55596
2.76923,6.68441,3021,3021,1,0,191045,191045,191,45,D,16,55597
2.74362,6.65058,3022,3022,1,0,191046,191046,191,46,D,16,55598
2.72014,6.61958,3023,3023,1,0,191047,191047,191,47,D,16,55599
2.69882,6.59144,3024,3024,1,0,191048,191048,191,48,D,16,55600
2.67928,6.56571,3025,3025,1,0,191049,191049,191,49,D,16,55601
2.66162,6.54247,3026,3026,1,0,191050,191050,191,50,D,16,55602
2.64607,6.52198,3027,3027,1,0,191051,191051,191,51,D,16,55603
2.63214,6.50366,3028,3028,1,0,191052,191052,191,52,D,16,55604
2.61983,6.48751,3029,3029,1,0,191053,191053,191,53,D,16,55605
2.60934,6.47372,3030,3030,1,0,191054,191054,191,54,D,16,55606
2.60055,6.46217,3031,3031,1,0,191055,191055,191,55,D,16,55607
2.59334,6.45271,3032,3032,1,0,191056,191056,191,56,D,16,55608
2.58781,6.44546,3033,3033,1,0,191057,191057,191,57,D,16,55609
3.28946,7.37902,3009,3009,1,0,192033,192033,192,33,D,7,23097
3.22727,7.29515,3010,3010,1,0,192034,192034,192,34,D,7,23098
3.16908,7.21699,3011,3011,1,0,192035,192035,192,35,D,7,23099
3.11493,7.14437,3012,3012,1,0,192036,192036,192,36,D,7,23100
3.06447,7.07683,3013,3013,1,0,192037,192037,192,37,D,7,23101
3.01751,7.01408,3014,3014,1,0,192038,192038,192,38,D,7,23102
2.97367,6.95565,3015,3015,1,0,192039,192039,192,39,D,7,23103
2.93283,6.90133,3016,3016,1,0,192040,192040,192,40,D,7,23104
2.89499,6.85102,3017,3017,1,0,192041,192041,192,41,D,7,23105
2.85977,6.80429,3018,3018,1,0,192042,192042,192,42,D,7,23106
2.82723,6.76115,3019,3019,1,0,192043,192043,192,43,D,7,23107
2.79709,6.72124,3020,3020,1,0,192044,192044,192,44,D,7,23108
2.76924,6.68442,3021,3021,1,0,192045,192045,192,45,D,7,23109
2.74362,6.65058,3022,3022,1,0,192046,192046,192,46,D,7,23110
2.72015,6.6196,3023,3023,1,0,192047,192047,192,47,D,7,23111
2.69882,6.59144,3024,3024,1,0,192048,192048,192,48,D,7,23112
2.67927,6.5657,3025,3025,1,0,192049,192049,192,49,D,7,23113
2.66162,6.54248,3026,3026,1,0,192050,192050,192,50,D,7,23114
2.64607,6.52199,3027,3027,1,0,192051,192051,192,51,D,7,23115
2.63213,6.50365,3028,3028,1,0,192052,192052,192,52,D,7,23116
2.61982,6.4875,3029,3029,1,0,192053,192053,192,53,D,7,23117
2.60934,6.47373,3030,3030,1,0,192054,192054,192,54,D,7,23118
2.60055,6.46217,3031,3031,1,0,192055,192055,192,55,D,7,23119
2.59334,6.45272,3032,3032,1,0,192056,192056,192,56,D,7,23120
2.58781,6.44546,3033,3033,1,0,192057,192057,192,57,D,7,23121
3.28945,7.37901,3009,3009,1,0,193033,193033,193,33,D,14,48393
3.2273,7.29519,3010,3010,1,0,193034,193034,193,34,D,14,48394
3.16907,7.21698,3011,3011,1,0,193035,193035,193,35,D,14,48395
3.11492,7.14436,3012,3012,1,0,193036,193036,193,36,D,14,48396
3.06447,7.07683,3013,3013,1,0,193037,193037,193,37,D,14,48397
3.0175,7.01407,3014,3014,1,0,193038,193038,193,38,D,14,48398
2.97368,6.95567,3015,3015,1,0,193039,193039,193,39,D,14,48399
2.93283,6.90133,3016,3016,1,0,193040,193040,193,40,D,14,48400
2.895,6.85103,3017,3017,1,0,193041,193041,193,41,D,14,48401
2.85976,6.80428,3018,3018,1,0,193042,193042,193,42,D,14,48402
2.82725,6.76117,3019,3019,1,0,193043,193043,193,43,D,14,48403
2.79711,6.72126,3020,3020,1,0,193044,193044,193,44,D,14,48404
2.76923,6.68441,3021,3021,1,0,193045,193045,193,45,D,14,48405
2.74361,6.65057,3022,3022,1,0,193046,193046,193,46,D,14,48406
2.72015,6.61959,3023,3023,1,0,193047,193047,193,47,D,14,48407
2.69882,6.59144,3024,3024,1,0,193048,193048,193,48,D,14,48408
2.67927,6.5657,3025,3025,1,0,193049,193049,193,49,D,14,48409
2.66162,6.54247,3026,3026,1,0,193050,193050,193,50,D,14,48410
2.64607,6.52198,3027,3027,1,0,193051,193051,193,51,D,14,48411
2.63213,6.50365,3028,3028,1,0,193052,193052,193,52,D,14,48412
2.61982,6.4875,3029,3029,1,0,193053,193053,193,53,D,14,48413
2.60933,6.47371,3030,3030,1,0,193054,193054,193,54,D,14,48414
2.60055,6.46217,3031,3031,1,0,193055,193055,193,55,D,14,48415
2.59335,6.45272,3032,3032,1,0,193056,193056,193,56,D,14,48416
2.58781,6.44546,3033,3033,1,0,193057,193057,193,57,D,14,48417
3.28944,7.379,3009,3009,1,0,194033,194033,194,33,D,5,15905
3.22729,7.29518,3010,3010,1,0,194034,194034,194,34,D,5,15906
3.16906,7.21696,3011,3011,1,0,194035,194035,194,35,D,5,15907
3.11494,7.14438,3012,3012,1,0,194036,194036,194,36,D,5,15908
3.06446,7.07682,3013,3013,1,0,194037,194037,194,37,D,5,15909
3.01751,7.01408,3014,3014,1,0,194038,194038,194,38,D,5,15910
2.97367,6.95565,3015,3015,1,0,194039,194039,194,39,D,5,15911
2.93283,6.90133,3016,3016,1,0,194040,194040,194,40,D,5,15912
2.89499,6.85102,3017,3017,1,0,194041,194041,194,41,D,5,15913
2.85977,6.80429,3018,3018,1,0,194042,194042,194,42,D,5,15914
2.82724,6.76116,3019,3019,1,0,194043,194043,194,43,D,5,15915
2.7971,6.72124,3020,3020,1,0,194044,194044,194,44,D,5,15916
2.76924,6.68442,3021,3021,1,0,194045,194045,194,45,D,5,15917
2.74362,6.65058,3022,3022,1,0,194046,194046,194,46,D,5,15918
2.72015,6.61959,3023,3023,1,0,194047,194047,194,47,D,5,15919
2.69881,6.59143,3024,3024,1,0,194048,194048,194,48,D,5,15920
2.67926,6.56569,3025,3025,1,0,194049,194049,194,49,D,5,15921
2.66162,6.54247,3026,3026,1,0,194050,194050,194,50,D,5,15922
2.64607,6.52199,3027,3027,1,0,194051,194051,194,51,D,5,15923
2.63213,6.50365,3028,3028,1,0,194052,194052,194,52,D,5,15924
2.61982,6.4875,3029,3029,1,0,194053,194053,194,53,D,5,15925
2.60934,6.47373,3030,3030,1,0,194054,194054,194,54,D,5,15926
2.60055,6.46217,3031,3031,1,0,194055,194055,194,55,D,5,15927
2.59334,6.45271,3032,3032,1,0,194056,194056,194,56,D,5,15928
2.58781,6.44546,3033,3033,1,0,194057,194057,194,57,D,5,15929
3.28945,7.37901,2761,2761,1,0,195033,195033,195,33,D,12,41201
3.2273,7.29519,2762,2762,1,0,195034,195034,195,34,D,12,41202
3.16907,7.21698,2763,2763,1,0,195035,195035,195,35,D,12,41203
3.11493,7.14437,2764,2764,1,0,195036,195036,195,36,D,12,41204
3.06447,7.07683,2765,2765,1,0,195037,195037,195,37,D,12,41205
3.01751,7.01408,2766,2766,1,0,195038,195038,195,38,D,12,41206
2.97368,6.95567,2767,2767,1,0,195039,195039,195,39,D,12,41207
2.93283,6.90133,2768,2768,1,0,195040,195040,195,40,D,12,41208
2.89499,6.85102,2769,2769,1,0,195041,195041,195,41,D,12,41209
2.85977,6.80429,2770,2770,1,0,195042,195042,195,42,D,12,41210
2.82724,6.76116,2771,2771,1,0,195043,195043,195,43,D,12,41211
2.7971,6.72125,2772,2772,1,0,195044,195044,195,44,D,12,41212
2.76924,6.68441,2773,2773,1,0,195045,195045,195,45,D,12,41213
2.74362,6.65058,2774,2774,1,0,195046,195046,195,46,D,12,41214
2.72015,6.61959,2775,2775,1,0,195047,195047,195,47,D,12,41215
2.69882,6.59144,2776,2776,1,0,195048,195048,195,48,D,12,41216
2.67927,6.5657,2777,2777,1,0,195049,195049,195,49,D,12,41217
2.66162,6.54247,2778,2778,1,0,195050,195050,195,50,D,12,41218
2.64607,6.52198,2779,2779,1,0,195051,195051,195,51,D,12,41219
2.63213,6.50365,2780,2780,1,0,195052,195052,195,52,D,12,41220
2.61982,6.4875,2781,2781,1,0,195053,195053,195,53,D,12,41221
2.60933,6.47371,2782,2782,1,0,195054,195054,195,54,D,12,41222
2.60054,6.46216,2783,2783,1,0,195055,195055,195,55,D,12,41223
2.59335,6.45272,2784,2784,1,0,195056,195056,195,56,D,12,41224
2.58782,6.44547,2785,2785,1,0,195057,195057,195,57,D,12,41225
3.22729,7.29518,2762,2762,1,0,196034,196034,196,34,D,3,8714
3.16906,7.21696,2763,2763,1,0,196035,196035,196,35,D,3,8715
3.11493,7.14437,2764,2764,1,0,196036,196036,196,36,D,3,8716
3.06447,7.07684,2765,2765,1,0,196037,196037,196,37,D,3,8717
3.01751,7.01408,2766,2766,1,0,196038,196038,196,38,D,3,8718
2.97367,6.95566,2767,2767,1,0,196039,196039,196,39,D,3,8719
2.93283,6.90133,2768,2768,1,0,196040,196040,196,40,D,3,8720
2.895,6.85103,2769,2769,1,0,196041,196041,196,41,D,3,8721
2.85977,6.80429,2770,2770,1,0,196042,196042,196,42,D,3,8722
2.82724,6.76116,2771,2771,1,0,196043,196043,196,43,D,3,8723
2.7971,6.72124,2772,2772,1,0,196044,196044,196,44,D,3,8724
2.76924,6.68442,2773,2773,1,0,196045,196045,196,45,D,3,8725
2.74361,6.65057,2774,2774,1,0,196046,196046,196,46,D,3,8726
2.72014,6.61958,2775,2775,1,0,196047,196047,196,47,D,3,8727
2.69882,6.59144,2776,2776,1,0,196048,196048,196,48,D,3,8728
2.67926,6.56569,2777,2777,1,0,196049,196049,196,49,D,3,8729
2.66162,6.54247,2778,2778,1,0,196050,196050,196,50,D,3,8730
2.64607,6.52198,2779,2779,1,0,196051,196051,196,51,D,3,8731
2.63214,6.50367,2780,2780,1,0,196052,196052,196,52,D,3,8732
2.61982,6.4875,2781,2781,1,0,196053,196053,196,53,D,3,8733
2.60934,6.47372,2782,2782,1,0,196054,196054,196,54,D,3,8734
2.60055,6.46217,2783,2783,1,0,196055,196055,196,55,D,3,8735
2.59334,6.45271,2784,2784,1,0,196056,196056,196,56,D,3,8736
2.58782,6.44546,2785,2785,1,0,196057,196057,196,57,D,3,8737
3.22729,7.29518,2762,2762,1,0,197034,197034,197,34,D,10,34010
3.16907,7.21698,2763,2763,1,0,197035,197035,197,35,D,10,34011
3.11493,7.14437,2764,2764,1,0,197036,197036,197,36,D,10,34012
3.06447,7.07683,2765,2765,1,0,197037,197037,197,37,D,10,34013
3.01751,7.01408,2766,2766,1,0,197038,197038,197,38,D,10,34014
2.97368,6.95567,2767,2767,1,0,197039,197039,197,39,D,10,34015
2.93283,6.90133,2768,2768,1,0,197040,197040,197,40,D,10,34016
2.89499,6.85102,2769,2769,1,0,197041,197041,197,41,D,10,34017
2.85977,6.80429,2770,2770,1,0,197042,197042,197,42,D,10,34018
2.82723,6.76115,2771,2771,1,0,197043,197043,197,43,D,10,34019
2.79709,6.72124,2772,2772,1,0,197044,197044,197,44,D,10,34020
2.76924,6.68442,2773,2773,1,0,197045,197045,197,45,D,10,34021
2.74362,6.65058,2774,2774,1,0,197046,197046,197,46,D,10,34022
2.72015,6.6196,2775,2775,1,0,197047,197047,197,47,D,10,34023
2.69882,6.59144,2776,2776,1,0,197048,197048,197,48,D,10,34024
2.67927,6.5657,2777,2777,1,0,197049,197049,197,49,D,10,34025
2.66162,6.54247,2778,2778,1,0,197050,197050,197,50,D,10,34026
2.64607,6.52198,2779,2779,1,0,197051,197051,197,51,D,10,34027
2.63213,6.50365,2780,2780,1,0,197052,197052,197,52,D,10,34028
2.61982,6.4875,2781,2781,1,0,197053,197053,197,53,D,10,34029
2.60934,6.47373,2782,2782,1,0,197054,197054,197,54,D,10,34030
2.60055,6.46218,2783,2783,1,0,197055,197055,197,55,D,10,34031
2.59335,6.45272,2784,2784,1,0,197056,197056,197,56,D,10,34032
2.58781,6.44546,2785,2785,1,0,197057,197057,197,57,D,10,34033
3.22728,7.29517,2762,2762,1,0,198034,198034,198,34,D,1,1522
3.16907,7.21697,2763,2763,1,0,198035,198035,198,35,D,1,1523
3.11493,7.14437,2764,2764,1,0,198036,198036,198,36,D,1,1524
3.06446,7.07683,2765,2765,1,0,198037,198037,198,37,D,1,1525
3.0175,7.01407,2766,2766,1,0,198038,198038,198,38,D,1,1526
2.97368,6.95567,2767,2767,1,0,198039,198039,198,39,D,1,1527
2.93283,6.90133,2768,2768,1,0,198040,198040,198,40,D,1,1528
2.895,6.85103,2769,2769,1,0,198041,198041,198,41,D,1,1529
2.85976,6.80428,2770,2770,1,0,198042,198042,198,42,D,1,1530
2.82725,6.76117,2771,2771,1,0,198043,198043,198,43,D,1,1531
2.79711,6.72126,2772,2772,1,0,198044,198044,198,44,D,1,1532
2.76923,6.68441,2773,2773,1,0,198045,198045,198,45,D,1,1533
2.74361,6.65057,2774,2774,1,0,198046,198046,198,46,D,1,1534
2.72014,6.61958,2775,2775,1,0,198047,198047,198,47,D,1,1535
2.69883,6.59145,2776,2776,1,0,198048,198048,198,48,D,1,1536
2.67928,6.56571,2777,2777,1,0,198049,198049,198,49,D,1,1537
2.66162,6.54247,2778,2778,1,0,198050,198050,198,50,D,1,1538
2.64607,6.52198,2779,2779,1,0,198051,198051,198,51,D,1,1539
2.63214,6.50367,2780,2780,1,0,198052,198052,198,52,D,1,1540
2.61983,6.48751,2781,2781,1,0,198053,198053,198,53,D,1,1541
2.60934,6.47372,2782,2782,1,0,198054,198054,198,54,D,1,1542
2.60055,6.46217,2783,2783,1,0,198055,198055,198,55,D,1,1543
2.59334,6.45271,2784,2784,1,0,198056,198056,198,56,D,1,1544
2.58781,6.44546,2785,2785,1,0,198057,198057,198,57,D,1,1545
3.22729,7.29518,2762,2762,1,0,199034,199034,199,34,D,8,26818
3.16907,7.21697,2763,2763,1,0,199035,199035,199,35,D,8,26819
3.11493,7.14437,2764,2764,1,0,199036,199036,199,36,D,8,26820
3.06447,7.07683,2765,2765,1,0,199037,199037,199,37,D,8,26821
3.0175,7.01408,2766,2766,1,0,199038,199038,199,38,D,8,26822
2.97367,6.95565,2767,2767,1,0,199039,199039,199,39,D,8,26823
2.93283,6.90133,2768,2768,1,0,199040,199040,199,40,D,8,26824
2.89499,6.85102,2769,2769,1,0,199041,199041,199,41,D,8,26825
2.85977,6.80429,2770,2770,1,0,199042,199042,199,42,D,8,26826
2.82724,6.76116,2771,2771,1,0,199043,199043,199,43,D,8,26827
2.7971,6.72124,2772,2772,1,0,199044,199044,199,44,D,8,26828
2.76924,6.68442,2773,2773,1,0,199045,199045,199,45,D,8,26829
2.74362,6.65058,2774,2774,1,0,199046,199046,199,46,D,8,26830
2.72015,6.6196,2775,2775,1,0,199047,199047,199,47,D,8,26831
2.69881,6.59143,2776,2776,1,0,199048,199048,199,48,D,8,26832
2.67927,6.5657,2777,2777,1,0,199049,199049,199,49,D,8,26833
2.66162,6.54248,2778,2778,1,0,199050,199050,199,50,D,8,26834
2.64607,6.52198,2779,2779,1,0,199051,199051,199,51,D,8,26835
2.63213,6.50365,2780,2780,1,0,199052,199052,199,52,D,8,26836
2.61983,6.48751,2781,2781,1,0,199053,199053,199,53,D,8,26837
2.60934,6.47373,2782,2782,1,0,199054,199054,199,54,D,8,26838
2.60055,6.46217,2783,2783,1,0,199055,199055,199,55,D,8,26839
2.59334,6.45272,2784,2784,1,0,199056,199056,199,56,D,8,26840
2.5878,6.44544,2785,2785,1,0,199057,199057,199,57,D,8,26841
3.2273,7.29519,2762,2762,1,0,200034,200034,200,34,D,15,52114
3.16907,7.21698,2763,2763,1,0,200035,200035,200,35,D,15,52115
3.11492,7.14436,2764,2764,1,0,200036,200036,200,36,D,15,52116
3.06447,7.07683,2765,2765,1,0,200037,200037,200,37,D,15,52117
3.0175,7.01407,2766,2766,1,0,200038,200038,200,38,D,15,52118
2.97368,6.95567,2767,2767,1,0,200039,200039,200,39,D,15,52119
2.93283,6.90133,2768,2768,1,0,200040,200040,200,40,D,15,52120
2.895,6.85103,2769,2769,1,0,200041,200041,200,41,D,15,52121
2.85976,6.80428,2770,2770,1,0,200042,200042,200,42,D,15,52122
2.82725,6.76117,2771,2771,1,0,200043,200043,200,43,D,15,52123
2.79711,6.72126,2772,2772,1,0,200044,200044,200,44,D,15,52124
2.76923,6.68441,2773,2773,1,0,200045,200045,200,45,D,15,52125
2.74361,6.65057,2774,2774,1,0,200046,200046,200,46,D,15,52126
2.72015,6.61959,2775,2775,1,0,200047,200047,200,47,D,15,52127
2.69882,6.59144,2776,2776,1,0,200048,200048,200,48,D,15,52128
2.67927,6.5657,2777,2777,1,0,200049,200049,200,49,D,15,52129
2.66162,6.54247,2778,2778,1,0,200050,200050,200,50,D,15,52130
2.64602,6.52192,2779,2779,1,0,200051,200051,200,51,D,15,52131
2.63212,6.50364,2780,2780,1,0,200052,200052,200,52,D,15,52132
2.61986,6.48755,2781,2781,1,0,200053,200053,200,53,D,15,52133
2.60936,6.47375,2782,2782,1,0,200054,200054,200,54,D,15,52134
2.60051,6.46213,2783,2783,1,0,200055,200055,200,55,D,15,52135
2.59334,6.45271,2784,2784,1,0,200056,200056,200,56,D,15,52136
3.16907,7.21697,2763,2763,1,0,201035,201035,201,35,D,6,19627
3.11494,7.14438,2764,2764,1,0,201036,201036,201,36,D,6,19628
3.06448,7.07684,2765,2765,1,0,201037,201037,201,37,D,6,19629
3.0175,7.01408,2766,2766,1,0,201038,201038,201,38,D,6,19630
2.97367,6.95565,2767,2767,1,0,201039,201039,201,39,D,6,19631
2.93283,6.90133,2768,2768,1,0,201040,201040,201,40,D,6,19632
2.89499,6.85102,2769,2769,1,0,201041,201041,201,41,D,6,19633
2.85977,6.80429,2770,2770,1,0,201042,201042,201,42,D,6,19634
2.82724,6.76116,2771,2771,1,0,201043,201043,201,43,D,6,19635
2.7971,6.72124,2772,2772,1,0,201044,201044,201,44,D,6,19636
2.76924,6.68442,2773,2773,1,0,201045,201045,201,45,D,6,19637
2.74361,6.65057,2774,2774,1,0,201046,201046,201,46,D,6,19638
2.72012,6.61955,2775,2775,1,0,201047,201047,201,47,D,6,19639
2.69882,6.59144,2776,2776,1,0,201048,201048,201,48,D,6,19640
2.67923,6.56565,2777,2777,1,0,201049,201049,201,49,D,6,19641
2.66166,6.54253,2778,2778,1,0,201050,201050,201,50,D,6,19642
2.64606,6.52197,2779,2779,1,0,201051,201051,201,51,D,6,19643
2.6322,6.50375,2780,2780,1,0,201052,201052,201,52,D,6,19644
2.61978,6.48745,2781,2781,1,0,201053,201053,201,53,D,6,19645
2.60932,6.47369,2782,2782,1,0,201054,201054,201,54,D,6,19646
2.60054,6.46216,2783,2783,1,0,201055,201055,201,55,D,6,19647
3.16907,7.21698,3259,3259,1,0,202035,202035,202,35,D,13,44923
3.11493,7.14437,3260,3260,1,0,202036,202036,202,36,D,13,44924
3.06447,7.07683,3261,3261,1,0,202037,202037,202,37,D,13,44925
3.01751,7.01408,3262,3262,1,0,202038,202038,202,38,D,13,44926
2.97368,6.95567,3263,3263,1,0,202039,202039,202,39,D,13,44927
2.93283,6.90133,3264,3264,1,0,202040,202040,202,40,D,13,44928
2.89501,6.85106,3265,3265,1,0,202041,202041,202,41,D,13,44929
2.85978,6.80431,3266,3266,1,0,202042,202042,202,42,D,13,44930
2.82726,6.76119,3267,3267,1,0,202043,202043,202,43,D,13,44931
2.79708,6.72123,3268,3268,1,0,202044,202044,202,44,D,13,44932
2.76926,6.68444,3269,3269,1,0,202045,202045,202,45,D,13,44933
2.74361,6.65055,3270,3270,1,0,202046,202046,202,46,D,13,44934
2.72008,6.61951,3271,3271,1,0,202047,202047,202,47,D,13,44935
2.69875,6.59136,3272,3272,1,0,202048,202048,202,48,D,13,44936
2.67936,6.56581,3273,3273,1,0,202049,202049,202,49,D,13,44937
2.66154,6.54237,3274,3274,1,0,202050,202050,202,50,D,13,44938
2.6461,6.52203,3275,3275,1,0,202051,202051,202,51,D,13,44939
2.63205,6.50355,3276,3276,1,0,202052,202052,202,52,D,13,44940
2.61985,6.48753,3277,3277,1,0,202053,202053,202,53,D,13,44941
2.60932,6.47369,3278,3278,1,0,202054,202054,202,54,D,13,44942
2.60054,6.46216,3279,3279,1,0,202055,202055,202,55,D,13,44943
3.11493,7.14437,3260,3260,1,0,203036,203036,203,36,D,4,12436
3.06443,7.07678,3261,3261,1,0,203037,203037,203,37,D,4,12437
3.01757,7.01417,3262,3262,1,0,203038,203038,203,38,D,4,12438
2.97373,6.95574,3263,3263,1,0,203039,203039,203,39,D,4,12439
2.93282,6.90131,3264,3264,1,0,203040,203040,203,40,D,4,12440
2.89494,6.85096,3265,3265,1,0,203041,203041,203,41,D,4,12441
2.85982,6.80437,3266,3266,1,0,203042,203042,203,42,D,4,12442
2.82726,6.76119,3267,3267,1,0,203043,203043,203,43,D,4,12443
2.79707,6.72121,3268,3268,1,0,203044,203044,203,44,D,4,12444
2.76934,6.68454,3269,3269,1,0,203045,203045,203,45,D,4,12445
2.74362,6.65057,3270,3270,1,0,203046,203046,203,46,D,4,12446
2.72017,6.61963,3271,3271,1,0,203047,203047,203,47,D,4,12447
2.69882,6.59144,3272,3272,1,0,203048,203048,203,48,D,4,12448
2.67929,6.56573,3273,3273,1,0,203049,203049,203,49,D,4,12449
2.66169,6.54257,3274,3274,1,0,203050,203050,203,50,D,4,12450
2.64601,6.52191,3275,3275,1,0,203051,203051,203,51,D,4,12451
2.63214,6.50367,3276,3276,1,0,203052,203052,203,52,D,4,12452
2.61985,6.48753,3277,3277,1,0,203053,203053,203,53,D,4,12453
2.60941,6.47381,3278,3278,1,0,203054,203054,203,54,D,4,12454
3.11491,7.14434,3260,3260,1,0,204036,204036,204,36,D,11,37732
3.06446,7.07682,3261,3261,1,0,204037,204037,204,37,D,11,37733
3.01744,7.014,3262,3262,1,0,204038,204038,204,38,D,11,37734
2.97367,6.95566,3263,3263,1,0,204039,204039,204,39,D,11,37735
2.93285,6.90135,3264,3264,1,0,204040,204040,204,40,D,11,37736
2.89497,6.851,3265,3265,1,0,204041,204041,204,41,D,11,37737
2.85966,6.80416,3266,3266,1,0,204042,204042,204,42,D,11,37738
2.8272,6.76111,3267,3267,1,0,204043,204043,204,43,D,11,37739
2.79713,6.72129,3268,3268,1,0,204044,204044,204,44,D,11,37740
2.76919,6.68435,3269,3269,1,0,204045,204045,204,45,D,11,37741
2.74355,6.65049,3270,3270,1,0,204046,204046,204,46,D,11,37742
2.72015,6.61959,3271,3271,1,0,204047,204047,204,47,D,11,37743
2.69882,6.59144,3272,3272,1,0,204048,204048,204,48,D,11,37744
2.6792,6.56561,3273,3273,1,0,204049,204049,204,49,D,11,37745
2.66169,6.54257,3274,3274,1,0,204050,204050,204,50,D,11,37746
2.6461,6.52203,3275,3275,1,0,204051,204051,204,51,D,11,37747
2.6322,6.50375,3276,3276,1,0,204052,204052,204,52,D,11,37748
2.61985,6.48753,3277,3277,1,0,204053,204053,204,53,D,11,37749
3.0645,7.07688,3261,3261,1,0,205037,205037,205,37,D,2,5245
3.01759,7.01419,3262,3262,1,0,205038,205038,205,38,D,2,5246
2.97367,6.95566,3263,3263,1,0,205039,205039,205,39,D,2,5247
2.93285,6.90135,3264,3264,1,0,205040,205040,205,40,D,2,5248
2.89506,6.85112,3265,3265,1,0,205041,205041,205,41,D,2,5249
2.85981,6.80436,3266,3266,1,0,205042,205042,205,42,D,2,5250
2.82726,6.76119,3267,3267,1,0,205043,205043,205,43,D,2,5251
2.79707,6.72121,3268,3268,1,0,205044,205044,205,44,D,2,5252
2.76934,6.68454,3269,3269,1,0,205045,205045,205,45,D,2,5253
2.74362,6.65057,3270,3270,1,0,205046,205046,205,46,D,2,5254
2.72017,6.61963,3271,3271,1,0,205047,205047,205,47,D,2,5255
2.69875,6.59136,3272,3272,1,0,205048,205048,205,48,D,2,5256
2.67929,6.56573,3273,3273,1,0,205049,205049,205,49,D,2,5257
2.66154,6.54237,3274,3274,1,0,205050,205050,205,50,D,2,5258
2.6461,6.52203,3275,3275,1,0,205051,205051,205,51,D,2,5259
2.63205,6.50355,3276,3276,1,0,205052,205052,205,52,D,2,5260
3.06441,7.07675,3261,3261,1,0,206037,206037,206,37,D,9,30541
3.01744,7.014,3262,3262,1,0,206038,206038,206,38,D,9,30542
2.97376,6.95578,3263,3263,1,0,206039,206039,206,39,D,9,30543
2.93285,6.90135,3264,3264,1,0,206040,206040,206,40,D,9,30544
2.89497,6.851,3265,3265,1,0,206041,206041,206,41,D,9,30545
2.85981,6.80436,3266,3266,1,0,206042,206042,206,42,D,9,30546
2.82726,6.76119,3267,3267,1,0,206043,206043,206,43,D,9,30547
2.79713,6.72129,3268,3268,1,0,206044,206044,206,44,D,9,30548
2.76925,6.68442,3269,3269,1,0,206045,206045,206,45,D,9,30549
2.74355,6.65049,3270,3270,1,0,206046,206046,206,46,D,9,30550
2.72015,6.61959,3271,3271,1,0,206047,206047,206,47,D,9,30551
2.69882,6.59144,3272,3272,1,0,206048,206048,206,48,D,9,30552
2.6792,6.56561,3273,3273,1,0,206049,206049,206,49,D,9,30553
2.66169,6.54257,3274,3274,1,0,206050,206050,206,50,D,9,30554
2.64601,6.52191,3275,3275,1,0,206051,206051,206,51,D,9,30555
2.93285,6.90135,3264,3264,1,0,207040,207040,207,40,D,16,55840
2.89497,6.851,3265,3265,1,0,207041,207041,207,41,D,16,55841
2.85966,6.80416,3266,3266,1,0,207042,207042,207,42,D,16,55842
2.8272,6.76111,3267,3267,1,0,207043,207043,207,43,D,16,55843
2.79713,6.72129,3268,3268,1,0,207044,207044,207,44,D,16,55844
2.76919,6.68435,3269,3269,1,0,207045,207045,207,45,D,16,55845
2.74364,6.65061,3270,3270,1,0,207046,207046,207,46,D,16,55846
2.72015,6.61959,3271,3271,1,0,207047,207047,207,47,D,16,55847
